Movie,accessories,bottle,costume,figure,funko,gift,keychain,lego,mug,poster,stationery,t-shirt,toys
10 lives,48,48,48,48,48,48,48,48,48,48,48,48,48
a tooth fairy tale,48,48,48,48,48,48,48,48,48,41,30,5,48
animal adventures,48,48,48,48,48,48,48,48,48,48,48,56,48
apocalypse love,48,12,41,48,48,48,32,47,36,48,3,27,48
astra,48,48,48,48,48,48,48,48,48,48,20,26,48
barbie and teresa,48,48,43,48,48,48,13,32,23,7,37,7,48
big city greens the movie,48,48,48,48,48,48,48,16,48,48,7,48,48
bonk.io,0,0,2,40,48,3,8,48,15,15,29,0,0
boys go to jupiter,48,15,24,13,38,48,20,1,9,29,13,4,41
cornucopia,48,48,23,48,25,48,48,40,48,48,48,16,48
despicable me 4,48,41,48,48,48,57,28,48,29,48,15,57,48
dog man,48,60,48,48,48,48,48,48,48,48,48,48,48
fat chance! the movie,41,3,4,5,48,10,31,9,20,48,0,1,5
frida,0,48,48,0,0,0,0,0,0,0,0,0,0
gracie and pedro,1,0,11,1,48,0,0,2,7,26,0,5,0
grand theft hamlet,0,0,0,0,48,0,2,48,21,3,0,2,0
harold and the purple crayon,16,9,41,14,11,48,15,6,25,12,3,25,25
hello my beautiful creatures,1,13,13,16,48,15,25,48,48,24,48,0,3
hitpig,48,45,48,48,48,17,48,33,48,26,48,48,0
i now pronounce you retro ellie,0,0,0,2,31,1,2,0,0,11,0,1,1
if,48,48,48,48,48,48,48,48,48,48,48,48,48
inanimate insanity,3,1,0,16,5,14,34,1,48,2,1,2,11
inside out 2,48,48,48,48,48,48,48,48,48,48,48,48,48
isla monstro,8,0,0,8,48,0,28,6,18,3,0,0,0
isle,48,48,48,48,48,48,48,48,48,48,21,48,48
justice league,48,48,48,48,48,48,48,48,48,48,38,48,48
kid vampire,48,48,48,48,48,0,0,48,48,0,48,0,48
kung fu panda 4,33,22,45,48,38,48,48,48,48,22,39,35,48
little emma,48,48,48,60,48,48,48,48,48,48,48,48,48
look back,48,48,48,48,48,48,48,48,48,60,48,48,48
mars movie,48,2,43,48,48,48,48,48,48,48,2,35,48
maxxie lawow,0,0,0,1,48,1,22,1,31,10,0,0,0
moana 2,48,48,48,48,48,48,48,48,48,48,48,48,48
mobile suit gundam,48,56,48,48,48,48,48,48,48,57,48,19,48
mufasa,48,4,48,48,48,48,38,48,23,48,9,48,48
my redneck neighbor,6,0,24,1,24,7,15,8,22,6,2,0,2
nature cats nature movie special extraordinaire,0,1,0,0,9,5,0,0,5,0,4,0,0
ninja doomscrolling,3,0,48,33,48,4,44,48,25,18,0,8,48
no time to spy,48,41,48,48,48,48,33,16,38,48,10,10,48
nothing unusual,48,48,30,48,48,48,48,48,48,48,48,22,48
orion and the dark,48,48,48,16,48,48,48,48,48,48,29,48,48
paddington in peru,22,16,2,23,48,48,29,6,31,30,3,12,22
piece by piece,48,48,48,48,48,48,48,48,48,48,60,48,48
plankton,48,48,48,48,48,48,31,48,37,48,3,48,48
rocky and bullwinkle,23,30,41,40,48,44,14,15,38,48,0,39,29
sabbath queen,1,5,24,32,48,9,48,28,48,48,0,48,6
shrek 5,60,26,48,48,48,48,48,22,36,30,13,8,60
snow white and the 7 dwarfs,48,33,48,48,48,48,37,48,48,48,8,44,48
spellbound,48,48,48,48,48,48,48,48,48,48,48,15,48
steal the naughty list,4,2,1,2,28,18,48,3,14,4,35,1,9
strange portal!,48,4,19,48,48,48,48,48,48,14,2,10,48
teachers pet,48,48,48,48,48,48,48,48,48,48,48,60,48
the ballad of straw hat sam,15,12,29,1,16,1,1,0,0,3,5,1,14
the car acrobatic team saga,1,0,1,1,13,1,0,8,0,3,0,1,0
the casagrandes movie,0,0,2,4,48,5,48,0,34,48,1,3,1
the day the earth blew up,0,2,0,0,39,7,14,0,14,9,7,27,6
the garfield movie,48,15,39,48,48,48,48,48,44,48,41,47,48
the glassworker,1,3,5,0,48,16,48,17,48,27,12,4,0
the lord of the rings,48,48,48,48,48,48,60,48,48,48,48,48,48
the tigers apprentice,3,5,26,35,48,8,33,20,39,19,6,13,36
the wild robot,48,33,48,48,48,48,48,48,48,34,19,29,48
the witcher,48,48,48,48,48,48,48,48,48,48,48,48,48
thelma the unicorn,3,7,48,59,39,48,48,48,48,39,34,1,45
tobias and the arcane merchant,0,6,0,10,33,0,18,0,9,18,0,0,1
transformers,48,48,48,48,48,48,48,48,48,48,48,48,60
transformers one,48,48,48,48,48,48,48,60,46,48,48,48,48
ugly sweater,48,48,48,48,48,48,48,32,48,48,48,48,60
ultraman,48,48,48,48,48,48,48,60,41,42,43,15,48
watchmen,29,1,24,33,52,48,60,48,48,48,8,7,37
