Movie,Item,Search Term,Number of Results
the witcher,mug,the witcher mug,0
the witcher,t-shirt,the witcher t-shirt,0
the witcher,poster,the witcher poster,0
the witcher,keychain,the witcher keychain,0
the witcher,funko,the witcher funko,0
the witcher,gift,the witcher gift,0
the witcher,bottle,the witcher bottle,0
the witcher,toys,the witcher toys,0
the witcher,figure,the witcher figure,0
the witcher,lego,the witcher lego,0
the witcher,stationery,the witcher stationery,0
the witcher,costume,the witcher costume,0
the witcher,accessories,the witcher accessories,0
watchmen,mug,watchmen mug,0
watchmen,t-shirt,watchmen t-shirt,0
watchmen,poster,watchmen poster,0
watchmen,keychain,watchmen keychain,0
watchmen,funko,watchmen funko,0
watchmen,gift,watchmen gift,0
watchmen,bottle,watchmen bottle,0
watchmen,toys,watchmen toys,0
watchmen,figure,watchmen figure,0
watchmen,lego,watchmen lego,0
watchmen,stationery,watchmen stationery,0
watchmen,costume,watchmen costume,0
watchmen,accessories,watchmen accessories,0
little emma,mug,little emma mug,0
little emma,t-shirt,little emma t-shirt,0
little emma,poster,little emma poster,0
little emma,keychain,little emma keychain,0
little emma,funko,little emma funko,0
little emma,gift,little emma gift,0
little emma,bottle,little emma bottle,0
little emma,toys,little emma toys,0
little emma,figure,little emma figure,0
little emma,lego,little emma lego,0
little emma,stationery,little emma stationery,0
little emma,costume,little emma costume,0
little emma,accessories,little emma accessories,0
the casagrandes movie,mug,the casagrandes movie mug,0
the casagrandes movie,t-shirt,the casagrandes movie t-shirt,0
the casagrandes movie,poster,the casagrandes movie poster,0
the casagrandes movie,keychain,the casagrandes movie keychain,0
the casagrandes movie,funko,the casagrandes movie funko,0
the casagrandes movie,gift,the casagrandes movie gift,0
the casagrandes movie,bottle,the casagrandes movie bottle,0
the casagrandes movie,toys,the casagrandes movie toys,0
the casagrandes movie,figure,the casagrandes movie figure,0
the casagrandes movie,lego,the casagrandes movie lego,0
the casagrandes movie,stationery,the casagrandes movie stationery,0
the casagrandes movie,costume,the casagrandes movie costume,0
the casagrandes movie,accessories,the casagrandes movie accessories,0
i now pronounce you retro ellie,mug,i now pronounce you retro ellie mug,0
i now pronounce you retro ellie,t-shirt,i now pronounce you retro ellie t-shirt,0
i now pronounce you retro ellie,poster,i now pronounce you retro ellie poster,0
i now pronounce you retro ellie,keychain,i now pronounce you retro ellie keychain,0
i now pronounce you retro ellie,funko,i now pronounce you retro ellie funko,0
i now pronounce you retro ellie,gift,i now pronounce you retro ellie gift,0
i now pronounce you retro ellie,bottle,i now pronounce you retro ellie bottle,0
i now pronounce you retro ellie,toys,i now pronounce you retro ellie toys,0
i now pronounce you retro ellie,figure,i now pronounce you retro ellie figure,0
i now pronounce you retro ellie,lego,i now pronounce you retro ellie lego,0
i now pronounce you retro ellie,stationery,i now pronounce you retro ellie stationery,0
i now pronounce you retro ellie,costume,i now pronounce you retro ellie costume,0
i now pronounce you retro ellie,accessories,i now pronounce you retro ellie accessories,0
transformers,mug,transformers mug,0
transformers,t-shirt,transformers t-shirt,0
transformers,poster,transformers poster,0
transformers,keychain,transformers keychain,0
transformers,funko,transformers funko,0
transformers,gift,transformers gift,0
transformers,bottle,transformers bottle,0
transformers,toys,transformers toys,0
transformers,figure,transformers figure,0
transformers,lego,transformers lego,0
transformers,stationery,transformers stationery,0
transformers,costume,transformers costume,0
transformers,accessories,transformers accessories,0
mufasa,mug,mufasa mug,0
mufasa,t-shirt,mufasa t-shirt,0
mufasa,poster,mufasa poster,0
mufasa,keychain,mufasa keychain,0
mufasa,funko,mufasa funko,0
mufasa,gift,mufasa gift,0
mufasa,bottle,mufasa bottle,0
mufasa,toys,mufasa toys,0
mufasa,figure,mufasa figure,0
mufasa,lego,mufasa lego,48
mufasa,stationery,mufasa stationery,9
mufasa,costume,mufasa costume,48
mufasa,accessories,mufasa accessories,48
maxxie lawow,mug,maxxie lawow mug,32
maxxie lawow,t-shirt,maxxie lawow t-shirt,0
maxxie lawow,poster,maxxie lawow poster,9
maxxie lawow,keychain,maxxie lawow keychain,22
maxxie lawow,funko,maxxie lawow funko,48
maxxie lawow,gift,maxxie lawow gift,1
maxxie lawow,bottle,maxxie lawow bottle,0
maxxie lawow,toys,maxxie lawow toys,0
maxxie lawow,figure,maxxie lawow figure,1
maxxie lawow,lego,maxxie lawow lego,1
maxxie lawow,stationery,maxxie lawow stationery,0
maxxie lawow,costume,maxxie lawow costume,0
maxxie lawow,accessories,maxxie lawow accessories,0
the day the earth blew up,mug,the day the earth blew up mug,21
the day the earth blew up,t-shirt,the day the earth blew up t-shirt,27
the day the earth blew up,poster,the day the earth blew up poster,7
the day the earth blew up,keychain,the day the earth blew up keychain,23
the day the earth blew up,funko,the day the earth blew up funko,38
the day the earth blew up,gift,the day the earth blew up gift,8
the day the earth blew up,bottle,the day the earth blew up bottle,10
the day the earth blew up,toys,the day the earth blew up toys,6
the day the earth blew up,figure,the day the earth blew up figure,1
the day the earth blew up,lego,the day the earth blew up lego,1
the day the earth blew up,stationery,the day the earth blew up stationery,7
the day the earth blew up,costume,the day the earth blew up costume,3
the day the earth blew up,accessories,the day the earth blew up accessories,7
frida,mug,frida mug,48
frida,t-shirt,frida t-shirt,48
frida,poster,frida poster,48
frida,keychain,frida keychain,38
frida,funko,frida funko,48
frida,gift,frida gift,48
frida,bottle,frida bottle,48
frida,toys,frida toys,48
frida,figure,frida figure,48
frida,lego,frida lego,35
frida,stationery,frida stationery,48
frida,costume,frida costume,48
frida,accessories,frida accessories,48
kid vampire,mug,kid vampire mug,48
kid vampire,t-shirt,kid vampire t-shirt,48
kid vampire,poster,kid vampire poster,48
kid vampire,keychain,kid vampire keychain,60
kid vampire,funko,kid vampire funko,48
kid vampire,gift,kid vampire gift,48
kid vampire,bottle,kid vampire bottle,48
kid vampire,toys,kid vampire toys,48
kid vampire,figure,kid vampire figure,0
kid vampire,lego,kid vampire lego,0
kid vampire,stationery,kid vampire stationery,48
kid vampire,costume,kid vampire costume,48
kid vampire,accessories,kid vampire accessories,0
no time to spy,mug,no time to spy mug,0
no time to spy,t-shirt,no time to spy t-shirt,0
no time to spy,poster,no time to spy poster,0
no time to spy,keychain,no time to spy keychain,0
no time to spy,funko,no time to spy funko,0
no time to spy,gift,no time to spy gift,0
no time to spy,bottle,no time to spy bottle,0
no time to spy,toys,no time to spy toys,0
no time to spy,figure,no time to spy figure,0
no time to spy,lego,no time to spy lego,0
no time to spy,stationery,no time to spy stationery,0
no time to spy,costume,no time to spy costume,48
no time to spy,accessories,no time to spy accessories,48
mars movie,mug,mars movie mug,0
mars movie,t-shirt,mars movie t-shirt,0
mars movie,poster,mars movie poster,59
mars movie,keychain,mars movie keychain,0
mars movie,funko,mars movie funko,48
mars movie,gift,mars movie gift,0
mars movie,bottle,mars movie bottle,6
mars movie,toys,mars movie toys,48
mars movie,figure,mars movie figure,48
mars movie,lego,mars movie lego,48
mars movie,stationery,mars movie stationery,2
mars movie,costume,mars movie costume,48
mars movie,accessories,mars movie accessories,48
justice league,mug,justice league mug,0
justice league,t-shirt,justice league t-shirt,0
justice league,poster,justice league poster,0
justice league,keychain,justice league keychain,0
justice league,funko,justice league funko,0
justice league,gift,justice league gift,0
justice league,bottle,justice league bottle,0
justice league,toys,justice league toys,48
justice league,figure,justice league figure,0
justice league,lego,justice league lego,0
justice league,stationery,justice league stationery,0
justice league,costume,justice league costume,0
justice league,accessories,justice league accessories,0
animal adventures,mug,animal adventures mug,0
animal adventures,t-shirt,animal adventures t-shirt,0
animal adventures,poster,animal adventures poster,0
animal adventures,keychain,animal adventures keychain,0
animal adventures,funko,animal adventures funko,0
animal adventures,gift,animal adventures gift,0
animal adventures,bottle,animal adventures bottle,0
animal adventures,toys,animal adventures toys,0
animal adventures,figure,animal adventures figure,0
animal adventures,lego,animal adventures lego,0
animal adventures,stationery,animal adventures stationery,0
animal adventures,costume,animal adventures costume,0
animal adventures,accessories,animal adventures accessories,0
boys go to jupiter,mug,boys go to jupiter mug,0
boys go to jupiter,t-shirt,boys go to jupiter t-shirt,0
boys go to jupiter,poster,boys go to jupiter poster,0
boys go to jupiter,keychain,boys go to jupiter keychain,0
boys go to jupiter,funko,boys go to jupiter funko,0
boys go to jupiter,gift,boys go to jupiter gift,0
boys go to jupiter,bottle,boys go to jupiter bottle,0
boys go to jupiter,toys,boys go to jupiter toys,0
boys go to jupiter,figure,boys go to jupiter figure,0
boys go to jupiter,lego,boys go to jupiter lego,0
boys go to jupiter,stationery,boys go to jupiter stationery,0
boys go to jupiter,costume,boys go to jupiter costume,0
boys go to jupiter,accessories,boys go to jupiter accessories,0
the car acrobatic team saga,mug,the car acrobatic team saga mug,0
the car acrobatic team saga,t-shirt,the car acrobatic team saga t-shirt,0
the car acrobatic team saga,poster,the car acrobatic team saga poster,0
the car acrobatic team saga,keychain,the car acrobatic team saga keychain,0
the car acrobatic team saga,funko,the car acrobatic team saga funko,0
the car acrobatic team saga,gift,the car acrobatic team saga gift,0
the car acrobatic team saga,bottle,the car acrobatic team saga bottle,0
the car acrobatic team saga,toys,the car acrobatic team saga toys,0
the car acrobatic team saga,figure,the car acrobatic team saga figure,0
the car acrobatic team saga,lego,the car acrobatic team saga lego,0
the car acrobatic team saga,stationery,the car acrobatic team saga stationery,0
the car acrobatic team saga,costume,the car acrobatic team saga costume,1
the car acrobatic team saga,accessories,the car acrobatic team saga accessories,0
despicable me 4,mug,despicable me 4 mug,0
despicable me 4,t-shirt,despicable me 4 t-shirt,0
despicable me 4,poster,despicable me 4 poster,0
despicable me 4,keychain,despicable me 4 keychain,0
despicable me 4,funko,despicable me 4 funko,0
despicable me 4,gift,despicable me 4 gift,0
despicable me 4,bottle,despicable me 4 bottle,0
despicable me 4,toys,despicable me 4 toys,0
despicable me 4,figure,despicable me 4 figure,0
despicable me 4,lego,despicable me 4 lego,0
despicable me 4,stationery,despicable me 4 stationery,0
despicable me 4,costume,despicable me 4 costume,0
despicable me 4,accessories,despicable me 4 accessories,0
plankton,mug,plankton mug,0
plankton,t-shirt,plankton t-shirt,0
plankton,poster,plankton poster,0
plankton,keychain,plankton keychain,0
plankton,funko,plankton funko,0
plankton,gift,plankton gift,0
plankton,bottle,plankton bottle,0
plankton,toys,plankton toys,0
plankton,figure,plankton figure,0
plankton,lego,plankton lego,0
plankton,stationery,plankton stationery,0
plankton,costume,plankton costume,0
plankton,accessories,plankton accessories,0
a tooth fairy tale,mug,a tooth fairy tale mug,0
a tooth fairy tale,t-shirt,a tooth fairy tale t-shirt,5
a tooth fairy tale,poster,a tooth fairy tale poster,0
a tooth fairy tale,keychain,a tooth fairy tale keychain,0
a tooth fairy tale,funko,a tooth fairy tale funko,0
a tooth fairy tale,gift,a tooth fairy tale gift,0
a tooth fairy tale,bottle,a tooth fairy tale bottle,0
a tooth fairy tale,toys,a tooth fairy tale toys,0
a tooth fairy tale,figure,a tooth fairy tale figure,0
a tooth fairy tale,lego,a tooth fairy tale lego,0
a tooth fairy tale,stationery,a tooth fairy tale stationery,0
a tooth fairy tale,costume,a tooth fairy tale costume,0
a tooth fairy tale,accessories,a tooth fairy tale accessories,0
transformers one,mug,transformers one mug,0
transformers one,t-shirt,transformers one t-shirt,0
transformers one,poster,transformers one poster,48
transformers one,keychain,transformers one keychain,0
transformers one,funko,transformers one funko,0
transformers one,gift,transformers one gift,0
transformers one,bottle,transformers one bottle,0
transformers one,toys,transformers one toys,0
transformers one,figure,transformers one figure,0
transformers one,lego,transformers one lego,0
transformers one,stationery,transformers one stationery,0
transformers one,costume,transformers one costume,0
transformers one,accessories,transformers one accessories,0
inside out 2,mug,inside out 2 mug,0
inside out 2,t-shirt,inside out 2 t-shirt,0
inside out 2,poster,inside out 2 poster,0
inside out 2,keychain,inside out 2 keychain,0
inside out 2,funko,inside out 2 funko,0
inside out 2,gift,inside out 2 gift,0
inside out 2,bottle,inside out 2 bottle,48
inside out 2,toys,inside out 2 toys,0
inside out 2,figure,inside out 2 figure,0
inside out 2,lego,inside out 2 lego,0
inside out 2,stationery,inside out 2 stationery,0
inside out 2,costume,inside out 2 costume,0
inside out 2,accessories,inside out 2 accessories,0
gracie and pedro,mug,gracie and pedro mug,0
gracie and pedro,t-shirt,gracie and pedro t-shirt,0
gracie and pedro,poster,gracie and pedro poster,0
gracie and pedro,keychain,gracie and pedro keychain,0
gracie and pedro,funko,gracie and pedro funko,0
gracie and pedro,gift,gracie and pedro gift,0
gracie and pedro,bottle,gracie and pedro bottle,0
gracie and pedro,toys,gracie and pedro toys,0
gracie and pedro,figure,gracie and pedro figure,0
gracie and pedro,lego,gracie and pedro lego,0
gracie and pedro,stationery,gracie and pedro stationery,0
gracie and pedro,costume,gracie and pedro costume,0
gracie and pedro,accessories,gracie and pedro accessories,0
the ballad of straw hat sam,mug,the ballad of straw hat sam mug,0
the ballad of straw hat sam,t-shirt,the ballad of straw hat sam t-shirt,0
the ballad of straw hat sam,poster,the ballad of straw hat sam poster,3
the ballad of straw hat sam,keychain,the ballad of straw hat sam keychain,0
the ballad of straw hat sam,funko,the ballad of straw hat sam funko,0
the ballad of straw hat sam,gift,the ballad of straw hat sam gift,0
the ballad of straw hat sam,bottle,the ballad of straw hat sam bottle,0
the ballad of straw hat sam,toys,the ballad of straw hat sam toys,0
the ballad of straw hat sam,figure,the ballad of straw hat sam figure,0
the ballad of straw hat sam,lego,the ballad of straw hat sam lego,0
the ballad of straw hat sam,stationery,the ballad of straw hat sam stationery,0
the ballad of straw hat sam,costume,the ballad of straw hat sam costume,0
the ballad of straw hat sam,accessories,the ballad of straw hat sam accessories,0
10 lives,mug,10 lives mug,0
10 lives,t-shirt,10 lives t-shirt,0
10 lives,poster,10 lives poster,0
10 lives,keychain,10 lives keychain,0
10 lives,funko,10 lives funko,0
10 lives,gift,10 lives gift,0
10 lives,bottle,10 lives bottle,0
10 lives,toys,10 lives toys,0
10 lives,figure,10 lives figure,0
10 lives,lego,10 lives lego,0
10 lives,stationery,10 lives stationery,0
10 lives,costume,10 lives costume,0
10 lives,accessories,10 lives accessories,0
moana 2,mug,moana 2 mug,0
moana 2,t-shirt,moana 2 t-shirt,0
moana 2,poster,moana 2 poster,0
moana 2,keychain,moana 2 keychain,0
moana 2,funko,moana 2 funko,0
moana 2,gift,moana 2 gift,0
moana 2,bottle,moana 2 bottle,0
moana 2,toys,moana 2 toys,0
moana 2,figure,moana 2 figure,0
moana 2,lego,moana 2 lego,0
moana 2,stationery,moana 2 stationery,0
moana 2,costume,moana 2 costume,0
moana 2,accessories,moana 2 accessories,0
hello my beautiful creatures,mug,hello my beautiful creatures mug,0
hello my beautiful creatures,t-shirt,hello my beautiful creatures t-shirt,0
hello my beautiful creatures,poster,hello my beautiful creatures poster,0
hello my beautiful creatures,keychain,hello my beautiful creatures keychain,23
hello my beautiful creatures,funko,hello my beautiful creatures funko,0
hello my beautiful creatures,gift,hello my beautiful creatures gift,14
hello my beautiful creatures,bottle,hello my beautiful creatures bottle,20
hello my beautiful creatures,toys,hello my beautiful creatures toys,0
hello my beautiful creatures,figure,hello my beautiful creatures figure,17
hello my beautiful creatures,lego,hello my beautiful creatures lego,48
hello my beautiful creatures,stationery,hello my beautiful creatures stationery,48
hello my beautiful creatures,costume,hello my beautiful creatures costume,2
hello my beautiful creatures,accessories,hello my beautiful creatures accessories,0
ugly sweater,mug,ugly sweater mug,48
ugly sweater,t-shirt,ugly sweater t-shirt,48
ugly sweater,poster,ugly sweater poster,48
ugly sweater,keychain,ugly sweater keychain,56
ugly sweater,funko,ugly sweater funko,48
ugly sweater,gift,ugly sweater gift,48
ugly sweater,bottle,ugly sweater bottle,48
ugly sweater,toys,ugly sweater toys,48
ugly sweater,figure,ugly sweater figure,48
ugly sweater,lego,ugly sweater lego,33
ugly sweater,stationery,ugly sweater stationery,56
ugly sweater,costume,ugly sweater costume,48
ugly sweater,accessories,ugly sweater accessories,48
teachers pet,mug,teachers pet mug,48
teachers pet,t-shirt,teachers pet t-shirt,48
teachers pet,poster,teachers pet poster,48
teachers pet,keychain,teachers pet keychain,48
teachers pet,funko,teachers pet funko,48
teachers pet,gift,teachers pet gift,48
teachers pet,bottle,teachers pet bottle,48
teachers pet,toys,teachers pet toys,48
teachers pet,figure,teachers pet figure,48
teachers pet,lego,teachers pet lego,48
teachers pet,stationery,teachers pet stationery,48
teachers pet,costume,teachers pet costume,48
teachers pet,accessories,teachers pet accessories,48
orion and the dark,mug,orion and the dark mug,48
orion and the dark,t-shirt,orion and the dark t-shirt,48
orion and the dark,poster,orion and the dark poster,48
orion and the dark,keychain,orion and the dark keychain,48
orion and the dark,funko,orion and the dark funko,48
orion and the dark,gift,orion and the dark gift,48
orion and the dark,bottle,orion and the dark bottle,48
orion and the dark,toys,orion and the dark toys,48
orion and the dark,figure,orion and the dark figure,0
orion and the dark,lego,orion and the dark lego,0
orion and the dark,stationery,orion and the dark stationery,0
orion and the dark,costume,orion and the dark costume,56
orion and the dark,accessories,orion and the dark accessories,0
shrek 5,mug,shrek 5 mug,0
shrek 5,t-shirt,shrek 5 t-shirt,0
shrek 5,poster,shrek 5 poster,0
shrek 5,keychain,shrek 5 keychain,0
shrek 5,funko,shrek 5 funko,0
shrek 5,gift,shrek 5 gift,0
shrek 5,bottle,shrek 5 bottle,0
shrek 5,toys,shrek 5 toys,0
shrek 5,figure,shrek 5 figure,0
shrek 5,lego,shrek 5 lego,0
shrek 5,stationery,shrek 5 stationery,0
shrek 5,costume,shrek 5 costume,0
shrek 5,accessories,shrek 5 accessories,0
steal the naughty list,mug,steal the naughty list mug,0
steal the naughty list,t-shirt,steal the naughty list t-shirt,2
steal the naughty list,poster,steal the naughty list poster,4
steal the naughty list,keychain,steal the naughty list keychain,48
steal the naughty list,funko,steal the naughty list funko,0
steal the naughty list,gift,steal the naughty list gift,0
steal the naughty list,bottle,steal the naughty list bottle,0
steal the naughty list,toys,steal the naughty list toys,9
steal the naughty list,figure,steal the naughty list figure,0
steal the naughty list,lego,steal the naughty list lego,3
steal the naughty list,stationery,steal the naughty list stationery,35
steal the naughty list,costume,steal the naughty list costume,1
steal the naughty list,accessories,steal the naughty list accessories,0
piece by piece,mug,piece by piece mug,48
piece by piece,t-shirt,piece by piece t-shirt,0
piece by piece,poster,piece by piece poster,0
piece by piece,keychain,piece by piece keychain,0
piece by piece,funko,piece by piece funko,0
piece by piece,gift,piece by piece gift,0
piece by piece,bottle,piece by piece bottle,0
piece by piece,toys,piece by piece toys,0
piece by piece,figure,piece by piece figure,0
piece by piece,lego,piece by piece lego,0
piece by piece,stationery,piece by piece stationery,0
piece by piece,costume,piece by piece costume,0
piece by piece,accessories,piece by piece accessories,0
spellbound,mug,spellbound mug,0
spellbound,t-shirt,spellbound t-shirt,15
spellbound,poster,spellbound poster,0
spellbound,keychain,spellbound keychain,0
spellbound,funko,spellbound funko,0
spellbound,gift,spellbound gift,0
spellbound,bottle,spellbound bottle,0
spellbound,toys,spellbound toys,0
spellbound,figure,spellbound figure,0
spellbound,lego,spellbound lego,0
spellbound,stationery,spellbound stationery,0
spellbound,costume,spellbound costume,0
spellbound,accessories,spellbound accessories,0
harold and the purple crayon,mug,harold and the purple crayon mug,0
harold and the purple crayon,t-shirt,harold and the purple crayon t-shirt,0
harold and the purple crayon,poster,harold and the purple crayon poster,0
harold and the purple crayon,keychain,harold and the purple crayon keychain,0
harold and the purple crayon,funko,harold and the purple crayon funko,0
harold and the purple crayon,gift,harold and the purple crayon gift,0
harold and the purple crayon,bottle,harold and the purple crayon bottle,0
harold and the purple crayon,toys,harold and the purple crayon toys,0
harold and the purple crayon,figure,harold and the purple crayon figure,0
harold and the purple crayon,lego,harold and the purple crayon lego,0
harold and the purple crayon,stationery,harold and the purple crayon stationery,0
harold and the purple crayon,costume,harold and the purple crayon costume,41
harold and the purple crayon,accessories,harold and the purple crayon accessories,0
cornucopia,mug,cornucopia mug,0
cornucopia,t-shirt,cornucopia t-shirt,0
cornucopia,poster,cornucopia poster,0
cornucopia,keychain,cornucopia keychain,0
cornucopia,funko,cornucopia funko,0
cornucopia,gift,cornucopia gift,0
cornucopia,bottle,cornucopia bottle,0
cornucopia,toys,cornucopia toys,0
cornucopia,figure,cornucopia figure,0
cornucopia,lego,cornucopia lego,0
cornucopia,stationery,cornucopia stationery,0
cornucopia,costume,cornucopia costume,0
cornucopia,accessories,cornucopia accessories,0
nature cats nature movie special extraordinaire,mug,nature cats nature movie special extraordinaire mug,5
nature cats nature movie special extraordinaire,t-shirt,nature cats nature movie special extraordinaire t-shirt,0
nature cats nature movie special extraordinaire,poster,nature cats nature movie special extraordinaire poster,0
nature cats nature movie special extraordinaire,keychain,nature cats nature movie special extraordinaire keychain,0
nature cats nature movie special extraordinaire,funko,nature cats nature movie special extraordinaire funko,0
nature cats nature movie special extraordinaire,gift,nature cats nature movie special extraordinaire gift,0
nature cats nature movie special extraordinaire,bottle,nature cats nature movie special extraordinaire bottle,0
nature cats nature movie special extraordinaire,toys,nature cats nature movie special extraordinaire toys,0
nature cats nature movie special extraordinaire,figure,nature cats nature movie special extraordinaire figure,0
nature cats nature movie special extraordinaire,lego,nature cats nature movie special extraordinaire lego,0
nature cats nature movie special extraordinaire,stationery,nature cats nature movie special extraordinaire stationery,4
nature cats nature movie special extraordinaire,costume,nature cats nature movie special extraordinaire costume,0
nature cats nature movie special extraordinaire,accessories,nature cats nature movie special extraordinaire accessories,0
the garfield movie,mug,the garfield movie mug,0
the garfield movie,t-shirt,the garfield movie t-shirt,47
the garfield movie,poster,the garfield movie poster,48
the garfield movie,keychain,the garfield movie keychain,48
the garfield movie,funko,the garfield movie funko,0
the garfield movie,gift,the garfield movie gift,48
the garfield movie,bottle,the garfield movie bottle,15
the garfield movie,toys,the garfield movie toys,48
the garfield movie,figure,the garfield movie figure,48
the garfield movie,lego,the garfield movie lego,48
the garfield movie,stationery,the garfield movie stationery,0
the garfield movie,costume,the garfield movie costume,0
the garfield movie,accessories,the garfield movie accessories,48
my redneck neighbor,mug,my redneck neighbor mug,21
my redneck neighbor,t-shirt,my redneck neighbor t-shirt,0
my redneck neighbor,poster,my redneck neighbor poster,7
my redneck neighbor,keychain,my redneck neighbor keychain,0
my redneck neighbor,funko,my redneck neighbor funko,0
my redneck neighbor,gift,my redneck neighbor gift,0
my redneck neighbor,bottle,my redneck neighbor bottle,0
my redneck neighbor,toys,my redneck neighbor toys,0
my redneck neighbor,figure,my redneck neighbor figure,0
my redneck neighbor,lego,my redneck neighbor lego,0
my redneck neighbor,stationery,my redneck neighbor stationery,0
my redneck neighbor,costume,my redneck neighbor costume,0
my redneck neighbor,accessories,my redneck neighbor accessories,0
grand theft hamlet,mug,grand theft hamlet mug,0
grand theft hamlet,t-shirt,grand theft hamlet t-shirt,0
grand theft hamlet,poster,grand theft hamlet poster,0
grand theft hamlet,keychain,grand theft hamlet keychain,0
grand theft hamlet,funko,grand theft hamlet funko,0
grand theft hamlet,gift,grand theft hamlet gift,0
grand theft hamlet,bottle,grand theft hamlet bottle,0
grand theft hamlet,toys,grand theft hamlet toys,0
grand theft hamlet,figure,grand theft hamlet figure,0
grand theft hamlet,lego,grand theft hamlet lego,0
grand theft hamlet,stationery,grand theft hamlet stationery,0
grand theft hamlet,costume,grand theft hamlet costume,0
grand theft hamlet,accessories,grand theft hamlet accessories,0
if,mug,if mug,0
if,t-shirt,if t-shirt,0
if,poster,if poster,0
if,keychain,if keychain,0
if,funko,if funko,0
if,gift,if gift,0
if,bottle,if bottle,0
if,toys,if toys,0
if,figure,if figure,0
if,lego,if lego,0
if,stationery,if stationery,0
if,costume,if costume,0
if,accessories,if accessories,0
barbie and teresa,mug,barbie and teresa mug,0
barbie and teresa,t-shirt,barbie and teresa t-shirt,0
barbie and teresa,poster,barbie and teresa poster,0
barbie and teresa,keychain,barbie and teresa keychain,0
barbie and teresa,funko,barbie and teresa funko,0
barbie and teresa,gift,barbie and teresa gift,0
barbie and teresa,bottle,barbie and teresa bottle,0
barbie and teresa,toys,barbie and teresa toys,48
barbie and teresa,figure,barbie and teresa figure,0
barbie and teresa,lego,barbie and teresa lego,0
barbie and teresa,stationery,barbie and teresa stationery,0
barbie and teresa,costume,barbie and teresa costume,0
barbie and teresa,accessories,barbie and teresa accessories,0
bonk.io,mug,bonk.io mug,0
bonk.io,t-shirt,bonk.io t-shirt,0
bonk.io,poster,bonk.io poster,0
bonk.io,keychain,bonk.io keychain,0
bonk.io,funko,bonk.io funko,48
bonk.io,gift,bonk.io gift,0
bonk.io,bottle,bonk.io bottle,0
bonk.io,toys,bonk.io toys,0
bonk.io,figure,bonk.io figure,41
bonk.io,lego,bonk.io lego,0
bonk.io,stationery,bonk.io stationery,30
bonk.io,costume,bonk.io costume,3
bonk.io,accessories,bonk.io accessories,0
astra,mug,astra mug,48
astra,t-shirt,astra t-shirt,37
astra,poster,astra poster,48
astra,keychain,astra keychain,0
astra,funko,astra funko,0
astra,gift,astra gift,0
astra,bottle,astra bottle,48
astra,toys,astra toys,48
astra,figure,astra figure,48
astra,lego,astra lego,0
astra,stationery,astra stationery,0
astra,costume,astra costume,48
astra,accessories,astra accessories,0
ninja doomscrolling,mug,ninja doomscrolling mug,25
ninja doomscrolling,t-shirt,ninja doomscrolling t-shirt,8
ninja doomscrolling,poster,ninja doomscrolling poster,18
ninja doomscrolling,keychain,ninja doomscrolling keychain,0
ninja doomscrolling,funko,ninja doomscrolling funko,48
ninja doomscrolling,gift,ninja doomscrolling gift,0
ninja doomscrolling,bottle,ninja doomscrolling bottle,0
ninja doomscrolling,toys,ninja doomscrolling toys,48
ninja doomscrolling,figure,ninja doomscrolling figure,0
ninja doomscrolling,lego,ninja doomscrolling lego,0
ninja doomscrolling,stationery,ninja doomscrolling stationery,0
ninja doomscrolling,costume,ninja doomscrolling costume,48
ninja doomscrolling,accessories,ninja doomscrolling accessories,3
strange portal!,mug,strange portal! mug,0
strange portal!,t-shirt,strange portal! t-shirt,11
strange portal!,poster,strange portal! poster,0
strange portal!,keychain,strange portal! keychain,0
strange portal!,funko,strange portal! funko,0
strange portal!,gift,strange portal! gift,0
strange portal!,bottle,strange portal! bottle,0
strange portal!,toys,strange portal! toys,48
strange portal!,figure,strange portal! figure,0
strange portal!,lego,strange portal! lego,0
strange portal!,stationery,strange portal! stationery,0
strange portal!,costume,strange portal! costume,0
strange portal!,accessories,strange portal! accessories,46
rocky and bullwinkle,mug,rocky and bullwinkle mug,0
rocky and bullwinkle,t-shirt,rocky and bullwinkle t-shirt,0
rocky and bullwinkle,poster,rocky and bullwinkle poster,0
rocky and bullwinkle,keychain,rocky and bullwinkle keychain,0
rocky and bullwinkle,funko,rocky and bullwinkle funko,0
rocky and bullwinkle,gift,rocky and bullwinkle gift,0
rocky and bullwinkle,bottle,rocky and bullwinkle bottle,0
rocky and bullwinkle,toys,rocky and bullwinkle toys,0
rocky and bullwinkle,figure,rocky and bullwinkle figure,0
rocky and bullwinkle,lego,rocky and bullwinkle lego,0
rocky and bullwinkle,stationery,rocky and bullwinkle stationery,0
rocky and bullwinkle,costume,rocky and bullwinkle costume,0
rocky and bullwinkle,accessories,rocky and bullwinkle accessories,0
mobile suit gundam,mug,mobile suit gundam mug,0
mobile suit gundam,t-shirt,mobile suit gundam t-shirt,0
mobile suit gundam,poster,mobile suit gundam poster,0
mobile suit gundam,keychain,mobile suit gundam keychain,0
mobile suit gundam,funko,mobile suit gundam funko,0
mobile suit gundam,gift,mobile suit gundam gift,0
mobile suit gundam,bottle,mobile suit gundam bottle,0
mobile suit gundam,toys,mobile suit gundam toys,0
mobile suit gundam,figure,mobile suit gundam figure,0
mobile suit gundam,lego,mobile suit gundam lego,48
mobile suit gundam,stationery,mobile suit gundam stationery,0
mobile suit gundam,costume,mobile suit gundam costume,0
mobile suit gundam,accessories,mobile suit gundam accessories,0
the wild robot,mug,the wild robot mug,0
the wild robot,t-shirt,the wild robot t-shirt,16
the wild robot,poster,the wild robot poster,36
the wild robot,keychain,the wild robot keychain,48
the wild robot,funko,the wild robot funko,48
the wild robot,gift,the wild robot gift,48
the wild robot,bottle,the wild robot bottle,34
the wild robot,toys,the wild robot toys,48
the wild robot,figure,the wild robot figure,48
the wild robot,lego,the wild robot lego,48
the wild robot,stationery,the wild robot stationery,21
the wild robot,costume,the wild robot costume,48
the wild robot,accessories,the wild robot accessories,48
isla monstro,mug,isla monstro mug,18
isla monstro,t-shirt,isla monstro t-shirt,0
isla monstro,poster,isla monstro poster,3
isla monstro,keychain,isla monstro keychain,42
isla monstro,funko,isla monstro funko,48
isla monstro,gift,isla monstro gift,1
isla monstro,bottle,isla monstro bottle,0
isla monstro,toys,isla monstro toys,0
isla monstro,figure,isla monstro figure,0
isla monstro,lego,isla monstro lego,7
isla monstro,stationery,isla monstro stationery,0
isla monstro,costume,isla monstro costume,0
isla monstro,accessories,isla monstro accessories,10
the lord of the rings,mug,the lord of the rings mug,48
the lord of the rings,t-shirt,the lord of the rings t-shirt,48
the lord of the rings,poster,the lord of the rings poster,48
the lord of the rings,keychain,the lord of the rings keychain,48
the lord of the rings,funko,the lord of the rings funko,48
the lord of the rings,gift,the lord of the rings gift,48
the lord of the rings,bottle,the lord of the rings bottle,48
the lord of the rings,toys,the lord of the rings toys,60
the lord of the rings,figure,the lord of the rings figure,60
the lord of the rings,lego,the lord of the rings lego,48
the lord of the rings,stationery,the lord of the rings stationery,48
the lord of the rings,costume,the lord of the rings costume,48
the lord of the rings,accessories,the lord of the rings accessories,48
fat chance! the movie,mug,fat chance! the movie mug,11
fat chance! the movie,t-shirt,fat chance! the movie t-shirt,1
fat chance! the movie,poster,fat chance! the movie poster,48
fat chance! the movie,keychain,fat chance! the movie keychain,32
fat chance! the movie,funko,fat chance! the movie funko,48
fat chance! the movie,gift,fat chance! the movie gift,10
fat chance! the movie,bottle,fat chance! the movie bottle,3
fat chance! the movie,toys,fat chance! the movie toys,13
fat chance! the movie,figure,fat chance! the movie figure,5
fat chance! the movie,lego,fat chance! the movie lego,9
fat chance! the movie,stationery,fat chance! the movie stationery,0
fat chance! the movie,costume,fat chance! the movie costume,7
fat chance! the movie,accessories,fat chance! the movie accessories,39
snow white and the 7 dwarfs,mug,snow white and the 7 dwarfs mug,48
snow white and the 7 dwarfs,t-shirt,snow white and the 7 dwarfs t-shirt,48
snow white and the 7 dwarfs,poster,snow white and the 7 dwarfs poster,48
snow white and the 7 dwarfs,keychain,snow white and the 7 dwarfs keychain,38
snow white and the 7 dwarfs,funko,snow white and the 7 dwarfs funko,48
snow white and the 7 dwarfs,gift,snow white and the 7 dwarfs gift,48
snow white and the 7 dwarfs,bottle,snow white and the 7 dwarfs bottle,31
snow white and the 7 dwarfs,toys,snow white and the 7 dwarfs toys,48
snow white and the 7 dwarfs,figure,snow white and the 7 dwarfs figure,48
snow white and the 7 dwarfs,lego,snow white and the 7 dwarfs lego,48
snow white and the 7 dwarfs,stationery,snow white and the 7 dwarfs stationery,7
snow white and the 7 dwarfs,costume,snow white and the 7 dwarfs costume,48
snow white and the 7 dwarfs,accessories,snow white and the 7 dwarfs accessories,48
the tigers apprentice,mug,the tigers apprentice mug,39
the tigers apprentice,t-shirt,the tigers apprentice t-shirt,13
the tigers apprentice,poster,the tigers apprentice poster,19
the tigers apprentice,keychain,the tigers apprentice keychain,42
the tigers apprentice,funko,the tigers apprentice funko,48
the tigers apprentice,gift,the tigers apprentice gift,7
the tigers apprentice,bottle,the tigers apprentice bottle,5
the tigers apprentice,toys,the tigers apprentice toys,35
the tigers apprentice,figure,the tigers apprentice figure,33
the tigers apprentice,lego,the tigers apprentice lego,20
the tigers apprentice,stationery,the tigers apprentice stationery,5
the tigers apprentice,costume,the tigers apprentice costume,25
the tigers apprentice,accessories,the tigers apprentice accessories,3
apocalypse love,mug,apocalypse love mug,44
apocalypse love,t-shirt,apocalypse love t-shirt,48
apocalypse love,poster,apocalypse love poster,48
apocalypse love,keychain,apocalypse love keychain,33
apocalypse love,funko,apocalypse love funko,48
apocalypse love,gift,apocalypse love gift,48
apocalypse love,bottle,apocalypse love bottle,13
apocalypse love,toys,apocalypse love toys,48
apocalypse love,figure,apocalypse love figure,48
apocalypse love,lego,apocalypse love lego,48
apocalypse love,stationery,apocalypse love stationery,3
apocalypse love,costume,apocalypse love costume,48
apocalypse love,accessories,apocalypse love accessories,48
paddington in peru,mug,paddington in peru mug,30
paddington in peru,t-shirt,paddington in peru t-shirt,12
paddington in peru,poster,paddington in peru poster,29
paddington in peru,keychain,paddington in peru keychain,27
paddington in peru,funko,paddington in peru funko,48
paddington in peru,gift,paddington in peru gift,48
paddington in peru,bottle,paddington in peru bottle,16
paddington in peru,toys,paddington in peru toys,33
paddington in peru,figure,paddington in peru figure,22
paddington in peru,lego,paddington in peru lego,4
paddington in peru,stationery,paddington in peru stationery,3
paddington in peru,costume,paddington in peru costume,2
paddington in peru,accessories,paddington in peru accessories,23
sabbath queen,mug,sabbath queen mug,48
sabbath queen,t-shirt,sabbath queen t-shirt,48
sabbath queen,poster,sabbath queen poster,48
sabbath queen,keychain,sabbath queen keychain,48
sabbath queen,funko,sabbath queen funko,48
sabbath queen,gift,sabbath queen gift,8
sabbath queen,bottle,sabbath queen bottle,6
sabbath queen,toys,sabbath queen toys,6
sabbath queen,figure,sabbath queen figure,33
sabbath queen,lego,sabbath queen lego,28
sabbath queen,stationery,sabbath queen stationery,0
sabbath queen,costume,sabbath queen costume,23
sabbath queen,accessories,sabbath queen accessories,1
hitpig,mug,hitpig mug,48
hitpig,t-shirt,hitpig t-shirt,48
hitpig,poster,hitpig poster,22
hitpig,keychain,hitpig keychain,48
hitpig,funko,hitpig funko,48
hitpig,gift,hitpig gift,25
hitpig,bottle,hitpig bottle,45
hitpig,toys,hitpig toys,0
hitpig,figure,hitpig figure,48
hitpig,lego,hitpig lego,33
hitpig,stationery,hitpig stationery,48
hitpig,costume,hitpig costume,48
hitpig,accessories,hitpig accessories,48
nothing unusual,mug,nothing unusual mug,48
nothing unusual,t-shirt,nothing unusual t-shirt,21
nothing unusual,poster,nothing unusual poster,48
nothing unusual,keychain,nothing unusual keychain,48
nothing unusual,funko,nothing unusual funko,48
nothing unusual,gift,nothing unusual gift,58
nothing unusual,bottle,nothing unusual bottle,48
nothing unusual,toys,nothing unusual toys,48
nothing unusual,figure,nothing unusual figure,48
nothing unusual,lego,nothing unusual lego,48
nothing unusual,stationery,nothing unusual stationery,48
nothing unusual,costume,nothing unusual costume,28
nothing unusual,accessories,nothing unusual accessories,48
the glassworker,mug,the glassworker mug,48
the glassworker,t-shirt,the glassworker t-shirt,4
the glassworker,poster,the glassworker poster,29
the glassworker,keychain,the glassworker keychain,48
the glassworker,funko,the glassworker funko,48
the glassworker,gift,the glassworker gift,16
the glassworker,bottle,the glassworker bottle,3
the glassworker,toys,the glassworker toys,0
the glassworker,figure,the glassworker figure,0
the glassworker,lego,the glassworker lego,17
the glassworker,stationery,the glassworker stationery,12
the glassworker,costume,the glassworker costume,8
the glassworker,accessories,the glassworker accessories,1
isle,mug,isle mug,48
isle,t-shirt,isle t-shirt,48
isle,poster,isle poster,48
isle,keychain,isle keychain,48
isle,funko,isle funko,48
isle,gift,isle gift,48
isle,bottle,isle bottle,48
isle,toys,isle toys,48
isle,figure,isle figure,48
isle,lego,isle lego,48
isle,stationery,isle stationery,21
isle,costume,isle costume,48
isle,accessories,isle accessories,48
kung fu panda 4,mug,kung fu panda 4 mug,48
kung fu panda 4,t-shirt,kung fu panda 4 t-shirt,49
kung fu panda 4,poster,kung fu panda 4 poster,24
kung fu panda 4,keychain,kung fu panda 4 keychain,48
kung fu panda 4,funko,kung fu panda 4 funko,39
kung fu panda 4,gift,kung fu panda 4 gift,48
kung fu panda 4,bottle,kung fu panda 4 bottle,23
kung fu panda 4,toys,kung fu panda 4 toys,60
kung fu panda 4,figure,kung fu panda 4 figure,48
kung fu panda 4,lego,kung fu panda 4 lego,43
kung fu panda 4,stationery,kung fu panda 4 stationery,38
kung fu panda 4,costume,kung fu panda 4 costume,42
kung fu panda 4,accessories,kung fu panda 4 accessories,34
tobias and the arcane merchant,mug,tobias and the arcane merchant mug,9
tobias and the arcane merchant,t-shirt,tobias and the arcane merchant t-shirt,0
tobias and the arcane merchant,poster,tobias and the arcane merchant poster,17
tobias and the arcane merchant,keychain,tobias and the arcane merchant keychain,15
tobias and the arcane merchant,funko,tobias and the arcane merchant funko,34
tobias and the arcane merchant,gift,tobias and the arcane merchant gift,0
tobias and the arcane merchant,bottle,tobias and the arcane merchant bottle,0
tobias and the arcane merchant,toys,tobias and the arcane merchant toys,1
tobias and the arcane merchant,figure,tobias and the arcane merchant figure,12
tobias and the arcane merchant,lego,tobias and the arcane merchant lego,0
tobias and the arcane merchant,stationery,tobias and the arcane merchant stationery,1
tobias and the arcane merchant,costume,tobias and the arcane merchant costume,0
tobias and the arcane merchant,accessories,tobias and the arcane merchant accessories,0
big city greens the movie,mug,big city greens the movie mug,48
big city greens the movie,t-shirt,big city greens the movie t-shirt,48
big city greens the movie,poster,big city greens the movie poster,48
big city greens the movie,keychain,big city greens the movie keychain,48
big city greens the movie,funko,big city greens the movie funko,48
big city greens the movie,gift,big city greens the movie gift,48
big city greens the movie,bottle,big city greens the movie bottle,48
big city greens the movie,toys,big city greens the movie toys,48
big city greens the movie,figure,big city greens the movie figure,48
big city greens the movie,lego,big city greens the movie lego,16
big city greens the movie,stationery,big city greens the movie stationery,7
big city greens the movie,costume,big city greens the movie costume,56
big city greens the movie,accessories,big city greens the movie accessories,48
dog man,mug,dog man mug,48
dog man,t-shirt,dog man t-shirt,48
dog man,poster,dog man poster,48
dog man,keychain,dog man keychain,48
dog man,funko,dog man funko,60
dog man,gift,dog man gift,60
dog man,bottle,dog man bottle,48
dog man,toys,dog man toys,48
dog man,figure,dog man figure,48
dog man,lego,dog man lego,48
dog man,stationery,dog man stationery,48
dog man,costume,dog man costume,48
dog man,accessories,dog man accessories,48
thelma the unicorn,mug,thelma the unicorn mug,48
thelma the unicorn,t-shirt,thelma the unicorn t-shirt,1
thelma the unicorn,poster,thelma the unicorn poster,39
thelma the unicorn,keychain,thelma the unicorn keychain,48
thelma the unicorn,funko,thelma the unicorn funko,42
thelma the unicorn,gift,thelma the unicorn gift,48
thelma the unicorn,bottle,thelma the unicorn bottle,14
thelma the unicorn,toys,thelma the unicorn toys,46
thelma the unicorn,figure,thelma the unicorn figure,48
thelma the unicorn,lego,thelma the unicorn lego,48
thelma the unicorn,stationery,thelma the unicorn stationery,36
thelma the unicorn,costume,thelma the unicorn costume,48
thelma the unicorn,accessories,thelma the unicorn accessories,3
inanimate insanity,mug,inanimate insanity mug,48
inanimate insanity,t-shirt,inanimate insanity t-shirt,2
inanimate insanity,poster,inanimate insanity poster,3
inanimate insanity,keychain,inanimate insanity keychain,41
inanimate insanity,funko,inanimate insanity funko,5
inanimate insanity,gift,inanimate insanity gift,14
inanimate insanity,bottle,inanimate insanity bottle,1
inanimate insanity,toys,inanimate insanity toys,11
inanimate insanity,figure,inanimate insanity figure,16
inanimate insanity,lego,inanimate insanity lego,1
inanimate insanity,stationery,inanimate insanity stationery,1
inanimate insanity,costume,inanimate insanity costume,0
inanimate insanity,accessories,inanimate insanity accessories,2
look back,mug,look back mug,48
look back,t-shirt,look back t-shirt,48
look back,poster,look back poster,48
look back,keychain,look back keychain,48
look back,funko,look back funko,48
look back,gift,look back gift,48
look back,bottle,look back bottle,48
look back,toys,look back toys,60
look back,figure,look back figure,48
look back,lego,look back lego,48
look back,stationery,look back stationery,56
look back,costume,look back costume,48
look back,accessories,look back accessories,48
ultraman,mug,ultraman mug,42
ultraman,t-shirt,ultraman t-shirt,15
ultraman,poster,ultraman poster,44
ultraman,keychain,ultraman keychain,48
ultraman,funko,ultraman funko,60
ultraman,gift,ultraman gift,48
ultraman,bottle,ultraman bottle,48
ultraman,toys,ultraman toys,48
ultraman,figure,ultraman figure,48
ultraman,lego,ultraman lego,60
ultraman,stationery,ultraman stationery,42
ultraman,costume,ultraman costume,48
ultraman,accessories,ultraman accessories,48
watchmen,mug,watchmen mug,48
watchmen,t-shirt,watchmen t-shirt,8
watchmen,poster,watchmen poster,48
watchmen,keychain,watchmen keychain,48
watchmen,funko,watchmen funko,48
watchmen,gift,watchmen gift,48
watchmen,bottle,watchmen bottle,13
watchmen,toys,watchmen toys,37
watchmen,figure,watchmen figure,33
watchmen,lego,watchmen lego,48
watchmen,stationery,watchmen stationery,8
watchmen,costume,watchmen costume,25
watchmen,accessories,watchmen accessories,45
