id,url,primaryTitle,originalTitle,type,description,primaryImage,trailer,contentRating,isAdult,releaseDate,startYear,endYear,runtimeMinutes,genres,interests,countriesOfOrigin,externalLinks,spokenLanguages,filmingLocations,productionCompanies,budget,grossWorldwide,averageRating,numVotes,metascore
tt15495150,https://www.imdb.com/title/tt15495150/,The Witcher: Sirens of the Deep,The Witcher: Sirens of the Deep,movie,"Hired to probe seaside village attacks, mutant monster hunter Geralt unravels an age-old conflict between humans and sea people that threatens war between kingdoms. Aided by allies, he must solve the mystery before hostilities escalate.",https://m.media-amazon.com/images/M/MV5BODJhNWI4NTQtOWVlOS00MWQyLWI2MTktYzRiNzk4Yzg2YjQyXkEyXkFqcGc@._V1_.jpg,https://www.youtube.com/watch?v=PYzqa1CDTik,TV-MA,False,2025-02-11,2025,,91.0,"['Action', 'Adventure', 'Animation']","['Adult Animation', 'Anime', 'Dark Fantasy', 'Action', 'Adventure', 'Animation', 'Drama', 'Fantasy', 'Mystery']","['PL', 'KR', 'US']",['https://www.netflix.com/title/81484026?s=i&trkid=258593161'],"['en', 'pl']",,"[{'id': 'co0007038', 'name': 'Hivemind'}, {'id': 'co0650527', 'name': 'Netflix Studios'}, {'id': 'co0144901', 'name': 'Netflix'}]",,,6.1,8618,54.0
tt32627545,https://www.imdb.com/title/tt32627545/,Watchmen: Chapter II,Watchmen: Chapter II,movie,"In an alternate 1985 America, a group of retired superheroes investigate a conspiracy after one of their own is murdered.",https://m.media-amazon.com/images/M/MV5BOGEyYTQ2ODctNzQ1NS00NWEyLWE5NzEtNjgzYTIwYjlmODE0XkEyXkFqcGc@._V1_.jpg,https://www.youtube.com/watch?v=VEX3fJMNxwc,R,False,2024-11-26,2024,,90.0,"['Action', 'Animation', 'Drama']","['Adult Animation', 'Computer Animation', 'Dystopian Sci-Fi', 'Action', 'Animation', 'Drama', 'Mystery', 'Sci-Fi']",['US'],,['en'],,"[{'id': 'co0123927', 'name': 'DC Entertainment'}, {'id': 'co0023400', 'name': 'Paramount Pictures'}, {'id': 'co0072876', 'name': 'Warner Bros. Animation'}]",,,7.0,3223,
tt26219008,https://www.imdb.com/title/tt26219008/,Riki Rhino: The Bird Kingdom,Riki Rhino: The Bird Kingdom,movie,"A fun, family adventure that follows a brave rhino named Riki and his duck friend Beni as they journey through tropical jungles to find a magic seed that will help save their home from a foreseen tsunami.",https://m.media-amazon.com/images/M/MV5BODIzM2FhZjMtMGU3ZC00OWNhLThhMGMtMTgwYzk3NThkYmU1XkEyXkFqcGc@._V1_.jpg,,,False,2024-02-01,2024,,109.0,['Animation'],['Animation'],"['ID', 'US']",['https://fragmanizlesene.com/riki-rhino-kahraman-kanatlar/'],['en'],,"[{'id': 'co0301105', 'name': 'Batavia Pictures'}, {'id': 'co0918319', 'name': 'Jackrabbit Media'}, {'id': 'co0459027', 'name': 'Launch Releasing'}]",,29026.0,5.1,25,
tt23322940,https://www.imdb.com/title/tt23322940/,Little Emma,Little Emma,movie,"A miniature girl raised by animal parents journeys to an island of tiny humans, uncovering unsettling revelations about her origins.",https://m.media-amazon.com/images/M/MV5BZjkzODY3MjAtZGQzMS00NGI3LWI2M2UtMmFiYjY2NjI2NjA0XkEyXkFqcGc@._V1_.jpg,https://www.youtube.com/watch?v=C15Txt1J1vA,TV-PG,False,2024-06-27,2024,,106.0,"['Adventure', 'Animation', 'Family']","['Adventure', 'Animation', 'Family']","['US', 'CN', 'IE', 'IN']",['https://tv.apple.com/movie/little-emma/umc.cmc.5syereji4jah9da4rl80m81gp'],['en'],,"[{'id': 'co0898219', 'name': 'Bootleg Universe'}, {'id': 'co0091878', 'name': 'Fís Éireann / Screen Ireland'}, {'id': 'co0587565', 'name': 'Gold Valley Films'}]",,940542.0,6.0,118,
tt31123288,https://www.imdb.com/title/tt31123288/,The Casagrandes Movie,The Casagrandes Movie,movie,"After a surprise family trip to Mexico derails Ronnie Anne's birthday plans, she is determined to prove she's old enough to do her own thing - even if it means confronting an ancient preteen demigod whose angst has apocalyptic potential.",https://m.media-amazon.com/images/M/MV5BOTRkODE2ZTgtODAzNS00NWZmLTgxNmQtNDk5ODNjOWYyYmMyXkEyXkFqcGc@._V1_.jpg,https://www.youtube.com/watch?v=jOCIRd7kQZ8,TV-Y7,False,2024-03-22,2024,,89.0,"['Adventure', 'Animation', 'Comedy']","['Hand-Drawn Animation', 'Adventure', 'Animation', 'Comedy', 'Family', 'Fantasy']",['US'],['https://www.netflix.com/title/81221344'],"['en', 'es']",,"[{'id': 'co0044395', 'name': 'Nickelodeon Animation Studios'}, {'id': 'co0004265', 'name': 'Nickelodeon Movies'}]",,,5.5,677,
tt33586590,https://www.imdb.com/title/tt33586590/,I Now Pronounce You Retro & Ellie,I Now Pronounce You Retro & Ellie,movie,Jamieson and Ellie are finally getting married today in an epic celebration they planned to make unforgettable for themselves and all attending friends and family.,https://m.media-amazon.com/images/M/MV5BN2Q0NTRkYTAtYTVhNi00MzVjLWI4MWEtNWQxMmNkMGNkNTQzXkEyXkFqcGc@._V1_.jpg,,,False,2025-02-22,2025,,,"['Animation', 'Comedy', 'Musical']","['Animation', 'Comedy', 'Musical']",['US'],['https://www.youtube.com/@RetroMiller1997'],['en'],,[],,,6.8,13,
tt32404684,https://www.imdb.com/title/tt32404684/,Transformers: 40th Anniversary Event,Transformers: 40th Anniversary Event,movie,,https://m.media-amazon.com/images/M/MV5BMjNkNzJmNmMtMzVlMC00ZTdkLWExM2YtNzM5NDE3NjliNTM5XkEyXkFqcGc@._V1_.jpg,https://www.youtube.com/watch?v=unocKJUwhjA,,False,2024-05-15,2024,,96.0,['Animation'],['Animation'],['US'],['https://www.transformers40thcinemaevent.com/home/'],['en'],,"[{'id': 'co1014953', 'name': 'Hasbro Entertainment'}]",2000000.0,54321.0,7.0,29,
tt13186482,https://www.imdb.com/title/tt13186482/,Mufasa: The Lion King,Mufasa: The Lion King,movie,"Mufasa, a cub lost and alone, meets a sympathetic lion named Taka, the heir to a royal bloodline. The chance meeting sets in motion an expansive journey of a group of misfits searching for their destiny.",https://m.media-amazon.com/images/M/MV5BYjBkOWUwODYtYWI3YS00N2I0LWEyYTktOTJjM2YzOTc3ZDNlXkEyXkFqcGc@._V1_.jpg,https://www.youtube.com/watch?v=o17MF9vnabg,PG,False,2024-12-20,2024,,118.0,"['Adventure', 'Animation', 'Drama']","['Animal Adventure', 'Computer Animation', 'Adventure', 'Animation', 'Drama', 'Family', 'Fantasy', 'Musical']","['US', 'CA']",['https://movies.disney.com/mufasa-the-lion-king'],"['en', 'sw']",['Botswana'],"[{'id': 'co0008970', 'name': 'Walt Disney Pictures'}, {'id': 'co0191414', 'name': 'Québec Production Services Tax Credit'}]",200000000.0,672737639.0,6.6,67264,56.0
tt16983588,https://www.imdb.com/title/tt16983588/,Maxxie LaWow: Drag Super-shero,Maxxie LaWow: Drag Super-shero,movie,"A shy barista's life transforms when a magic wig turns him into drag queen Maxxie LaWow, tasked with finding missing queens held by Dyna Bolical who wants their anti-aging tears.",https://m.media-amazon.com/images/M/MV5BYTY0NDE0ZmMtODljZi00YmU5LTlhNzEtYmVjYzlkZDVlZDNjXkEyXkFqcGc@._V1_.jpg,https://www.youtube.com/watch?v=mhN9pts9Nnk,,False,2024-09-20,2024,,114.0,"['Animation', 'Comedy', 'Fantasy']","['Animation', 'Comedy', 'Fantasy']",['US'],['http://www.maxxie.com/'],['en'],,"[{'id': 'co0963521', 'name': 'Lost Wig Productions'}, {'id': 'co0903085', 'name': 'Chubby Beagle Productions'}]",,,8.3,60,
tt15352542,https://www.imdb.com/title/tt15352542/,The Day the Earth Blew Up: A Looney Tunes Movie,The Day the Earth Blew Up: A Looney Tunes Movie,movie,Porky Pig and Daffy Duck are Earth's only hope when facing the threat of alien invasion.,https://m.media-amazon.com/images/M/MV5BOTgxODk4OTQtMjc2MC00NGRmLWJlMmMtNTdlZjI1NDE0NzE0XkEyXkFqcGc@._V1_.jpg,https://www.youtube.com/watch?v=BtHUWHXfDyU,PG,False,2025-03-14,2024,,91.0,"['Adventure', 'Animation', 'Comedy']","['Alien Invasion', 'Buddy Comedy', 'Hand-Drawn Animation', 'Slapstick', 'Adventure', 'Animation', 'Comedy', 'Family', 'Sci-Fi']",['US'],['https://gfmanimation.com/films/the-day-the-earth-blew-up/'],['en'],,"[{'id': 'co0072876', 'name': 'Warner Bros. Animation'}]",15000000.0,13896775.0,7.0,4805,69.0
tt30319555,https://www.imdb.com/title/tt30319555/,Frida,Frida,movie,"A raw and magical journey into the life of iconic artist Frida Kahlo, told through her own words from diaries, letters, essays, and interviews. Vividly brought to life with lyrical animation inspired by her unforgettable artwork.",https://m.media-amazon.com/images/M/MV5BZGFjZTEwZTItOTM4OS00MzgxLTk1YjktMjlhMmJmMDA0OTdjXkEyXkFqcGc@._V1_.jpg,https://www.youtube.com/watch?v=dlrqxAgdY58,R,False,2024-03-14,2024,,87.0,"['Animation', 'Documentary']","['Animation', 'Documentary']",['US'],,['es'],,"[{'id': 'co0732934', 'name': 'Imagine Documentaries'}, {'id': 'co0129187', 'name': 'Storyville Films'}, {'id': 'co0244460', 'name': 'Time Studios'}]",,,7.4,1508,75.0
tt35682253,https://www.imdb.com/title/tt35682253/,Kid Vampire,Kid Vampire,movie,Kid vampire got sent to human school by his father to take blood from kids but he makes a friend.,https://m.media-amazon.com/images/M/MV5BYTk2MWJhODItOTA5Mi00MTk1LTk5YmYtNjQ4ZWM4ZTlkOWI3XkEyXkFqcGc@._V1_.jpg,,,False,2025-02-08,2025,,50.0,"['Animation', 'Comedy', 'Family']","['Animation', 'Comedy', 'Family', 'Fantasy']",['US'],['https://www.youtube.com/watch?v=2JqDneQLX0s'],['en'],,[],,,7.7,10,
tt32223312,https://www.imdb.com/title/tt32223312/,No Time to Spy: A Loud House Movie,No Time to Spy: A Loud House Movie,movie,"Lincoln and the Louds are ecstatic to welcome their new Gran-Gran, Myrtle, into the family with a tropical wedding celebration, but the festivities are cut short when an old nemesis from Myrtle's secret agent past appears on the island.",https://m.media-amazon.com/images/M/MV5BYzFkMmZlOTQtZmMwNS00NWNiLWI2Y2YtZDQ3MTBiYWYwYTQ2XkEyXkFqcGc@._V1_.jpg,https://www.youtube.com/watch?v=3gPGMqXUFl0,TV-Y7,False,2024-06-21,2024,,81.0,"['Action', 'Adventure', 'Animation']","['Hand-Drawn Animation', 'Action', 'Adventure', 'Animation', 'Comedy', 'Family', 'Sci-Fi']","['US', 'CA']",['https://twitter.com/ToonHive/status/1783918631648154019'],,,"[{'id': 'co0011615', 'name': 'Nickelodeon Productions'}]",,,6.3,473,
tt18310498,https://www.imdb.com/title/tt18310498/,Mars,Mars,movie,"A zany crew of misfits blasts off to Mars, only to find they've been duped by a scheming billionaire. Chaos ensues as they face bizarre challenges and unexpected surprises on their wacky interplanetary journey.",https://m.media-amazon.com/images/M/MV5BNDRiYzlmMzItN2Y2Ni00MmQ0LTlhNjMtYzg1NzE4N2FiZDgxXkEyXkFqcGc@._V1_.jpg,,,False,2024-06-06,2024,,84.0,"['Animation', 'Comedy', 'Fantasy']","['Sketch Comedy', 'Animation', 'Comedy', 'Fantasy', 'Sci-Fi']",['US'],"['https://wkukplus.com/', 'https://wkukplus.com/mars']",['en'],,"[{'id': 'co0502516', 'name': 'Midnight Kids Studios'}]",400000.0,,7.4,23,
tt30150917,https://www.imdb.com/title/tt30150917/,Justice League: Crisis on Infinite Earths - Part Three,Justice League: Crisis on Infinite Earths - Part Three,movie,"Trapped in a pocket universe, surviving Earths face annihilation by the Anti-Monitor. Time shatters, bringing past heroes to aid Justice League against the epitome of evil. Their sacrifice may lead to victory.",https://m.media-amazon.com/images/M/MV5BMzZmODkzMGEtMzQ2OC00ZTY2LWFjNTUtMjBkZGFmMTU5ZmYxXkEyXkFqcGc@._V1_.jpg,https://www.youtube.com/watch?v=tQ3Aahb_PDE,PG-13,False,2024-07-16,2024,,94.0,"['Action', 'Adventure', 'Animation']","['Superhero', 'Action', 'Adventure', 'Animation', 'Drama', 'Fantasy', 'Sci-Fi']",['US'],,['en'],,"[{'id': 'co0123927', 'name': 'DC Entertainment'}, {'id': 'co0072876', 'name': 'Warner Bros. Animation'}]",,,6.0,4621,
tt26598653,https://www.imdb.com/title/tt26598653/,Animal Adventures: Save the Forest,Animal Adventures: Save the Forest,movie,"""Animal Adventures: Save The Forest"" portrays Softie and her friends as they fight to save their home from a garbage invasion by an automated factory. This 3D animated film highlights adventure, friendship, and environmental protection.",https://m.media-amazon.com/images/M/MV5BYzRiY2VjZGItYTQyZS00Zjc1LWJjNzgtYTFmM2MzMmQwMzA5XkEyXkFqcGc@._V1_.jpg,,,False,2024-02-25,2024,,85.0,['Animation'],['Animation'],"['US', 'ES']",,['en'],,"[{'id': 'co0722277', 'name': 'Canary Film Factory'}, {'id': 'co0722277', 'name': 'Canary Film Factory'}, {'id': 'co0582679', 'name': 'Epc Media'}]",5000000.0,,7.7,34,
tt31021863,https://www.imdb.com/title/tt31021863/,Boys Go to Jupiter,Boys Go to Jupiter,movie,"A teenager in suburban Florida desperately hustles to make $5,000 in this dreamy and surreal animated coming-of-age story.",https://m.media-amazon.com/images/M/MV5BZWFiMjVmMWMtYzMxYi00NDA5LTk3OTctM2ZkMmU3NDA3NmMzXkEyXkFqcGc@._V1_.jpg,,,False,2024-06-07,2024,,90.0,['Animation'],['Animation'],['US'],,['en'],,[],,,7.1,104,
tt33086688,https://www.imdb.com/title/tt33086688/,The Car Acrobatic Team Saga,The Car Acrobatic Team Saga,movie,Speed Racer battles the treacherous Car Acrobatic Team in his most dangerous race.,https://m.media-amazon.com/images/M/MV5BYWQ4OTljMTAtYzkyNi00N2JhLTljNDQtMTJjYTg1ODk4ODRhXkEyXkFqcGc@._V1_.jpg,,,False,2024-07-15,2024,,112.0,['Animation'],['Animation'],['US'],['https://youtu.be/C3cPaHxVke4?list=PL1CyyBilsXRRs7gYDzPUvBBH7Bo_OWgxp'],,,"[{'id': 'co0048904', 'name': 'Tatsunoko Production'}]",50000.0,,6.8,11,
tt7510222,https://www.imdb.com/title/tt7510222/,Despicable Me 4,Despicable Me 4,movie,"Gru, Lucy, Margo, Edith, and Agnes welcome a new member to the family, Gru Jr., who is intent on tormenting his dad. Gru faces a new nemesis in Maxime Le Mal and his girlfriend Valentina, and the family is forced to go on the run.",https://m.media-amazon.com/images/M/MV5BNzY0ZTlhYzgtOTgzZC00ZTg2LTk4NTEtZDllM2E2NGE5Njg2XkEyXkFqcGc@._V1_.jpg,https://www.youtube.com/watch?v=qQlr9-rF32A,PG,False,2024-07-03,2024,,94.0,"['Adventure', 'Animation', 'Comedy']","['Computer Animation', 'Urban Adventure', 'Adventure', 'Animation', 'Comedy', 'Crime', 'Family', 'Sci-Fi']",['US'],"['https://www.facebook.com/minions', 'https://www.instagram.com/minions/']","['en', 'fr']",,"[{'id': 'co0005073', 'name': 'Universal Pictures'}, {'id': 'co0221986', 'name': 'Illumination Entertainment'}]",100000000.0,969547158.0,6.2,66539,52.0
tt32560777,https://www.imdb.com/title/tt32560777/,Plankton: The Movie,Plankton: The Movie,movie,"When Karen the Computer decides to take over the world, it's up to Plankton to stop her - with a little help from SpongeBob and the Gal Pals (Pearl, Sandy, and Mrs. Puff).",https://m.media-amazon.com/images/M/MV5BYmYyZjUzYjgtY2U1My00MTA4LTllNWEtNWU3ZThkOWRmMTY1XkEyXkFqcGc@._V1_.jpg,https://www.youtube.com/watch?v=IHRScjhllsQ,TV-PG,False,2025-03-07,2025,,87.0,"['Adventure', 'Animation', 'Comedy']","['Computer Animation', 'Adventure', 'Animation', 'Comedy', 'Family', 'Fantasy', 'Musical']",['US'],,['en'],,"[{'id': 'co0044395', 'name': 'Nickelodeon Animation Studios'}, {'id': 'co0004265', 'name': 'Nickelodeon Movies'}]",,,5.3,3095,61.0
tt31614867,https://www.imdb.com/title/tt31614867/,DreadClub: Vampire's Verdict,DreadClub: Vampire's Verdict,movie,"Betty Gray, a college student obsessed with gothic romances, finds herself living one when she falls for Duchamps De Ve--a man on trial for being a vampire.",https://m.media-amazon.com/images/M/MV5BNDc2ZjNiMzEtNjMxNC00Mzc1LWFjYTMtOTE1MzFlZjMwZDRjXkEyXkFqcGc@._V1_.jpg,,,False,2024-07-26,2024,,,"['Animation', 'Horror', 'Mystery']","['Animation', 'Horror', 'Mystery', 'Romance']",['US'],,['en'],,[],405.0,,5.0,60,
tt36120770,https://www.imdb.com/title/tt36120770/,A Tooth Fairy Tale,A Tooth Fairy Tale,movie,"A rebellious tooth fairy, a cuddly troll, and a brilliant goblin scientist unite to save their magical worlds from menacing spiders.",https://m.media-amazon.com/images/M/MV5BMDRlOTkxOTctNzViMi00NTA0LWFhYWMtZjhlNDljZGUzYmI0XkEyXkFqcGc@._V1_.jpg,,,False,,2025,,90.0,['Animation'],['Animation'],['US'],,['en'],,"[{'id': 'co1121313', 'name': 'Rebellion Animation'}]",,,8.1,9,
tt8864596,https://www.imdb.com/title/tt8864596/,Transformers One,Transformers One,movie,"The untold origin story of Optimus Prime and Megatron, better known as sworn enemies, but who once were friends bonded like brothers who changed the fate of Cybertron forever.",https://m.media-amazon.com/images/M/MV5BZWI1ZDY1YTQtMjRkNy00ZDZhLWE3OTItMTIwNzliY2Y1MTZhXkEyXkFqcGc@._V1_.jpg,https://www.youtube.com/watch?v=5a09yJU-mCI,PG,False,2024-09-20,2024,,104.0,"['Action', 'Adventure', 'Animation']","['Action Epic', 'Adventure Epic', 'Computer Animation', 'Fantasy Epic', 'Sci-Fi Epic', 'Space Sci-Fi', 'Action', 'Adventure', 'Animation', 'Family']",['US'],,['en'],,"[{'id': 'co0390995', 'name': 'Paramount Animation'}, {'id': 'co1014953', 'name': 'Hasbro Entertainment'}, {'id': 'co0644194', 'name': 'New Republic Pictures'}]",75000000.0,129408392.0,7.6,52001,65.0
tt22022452,https://www.imdb.com/title/tt22022452/,Inside Out 2,Inside Out 2,movie,"A sequel that features Riley entering puberty and experiencing brand new, more complex emotions as a result. As Riley tries to adapt to her teenage years, her old emotions try to adapt to the possibility of being replaced.",https://m.media-amazon.com/images/M/MV5BYWY3MDE2Y2UtOTE3Zi00MGUzLTg2MTItZjE1ZWVkMGVlODRmXkEyXkFqcGc@._V1_.jpg,https://www.youtube.com/watch?v=LEjhY15eCx0,PG,False,2024-06-14,2024,,96.0,"['Adventure', 'Animation', 'Comedy']","['Coming-of-Age', 'Computer Animation', 'Quest', 'Teen Comedy', 'Teen Drama', 'Adventure', 'Animation', 'Comedy', 'Drama', 'Family']",['US'],"['https://www.hotstar.com/in/movies/inside-out-2/1271325263', 'https://www.instagram.com/p/CiTkL-wMQ5a/']","['en', 'fr', 'es']","['Walt Disney Feature Animation - 500 S. Buena Vista Street, Burbank, California, USA']","[{'id': 'co0008970', 'name': 'Walt Disney Pictures'}, {'id': 'co0017902', 'name': 'Pixar Animation Studios'}, {'id': 'co0041001', 'name': 'Hurwitz Creative'}]",200000000.0,1698863816.0,7.5,218704,73.0
tt29258548,https://www.imdb.com/title/tt29258548/,Gracie and Pedro: Pets to the Rescue,Gracie and Pedro: Pets to the Rescue,movie,A pampered show dog and a street-smart alley cat embark on a thrilling journey to find their family after being separated during a cross-country move.,https://m.media-amazon.com/images/M/MV5BZTg4MjliYWUtMjc1NS00NWNkLWJkYzQtMzg4MmZhMzU0N2FiXkEyXkFqcGc@._V1_.jpg,https://www.youtube.com/watch?v=MfHkYHGOfCo,PG,False,2024-05-23,2024,,87.0,"['Adventure', 'Animation', 'Comedy']","['Adventure', 'Animation', 'Comedy', 'Family']","['CA', 'ZA', 'US']","['https://tv.apple.com/movie/gracie-and-pedro-mission-impossible/umc.cmc.47ggsc5bm74a6jzp5094fiko2', 'http://www.gracieandpedro.com/']",['en'],,"[{'id': 'co0195700', 'name': 'Second Chance Productions'}, {'id': 'co0835313', 'name': 'Polycat Visual Effects'}, {'id': 'co1072191', 'name': 'Ferin Post Production'}]",,1601719.0,5.0,280,
tt21240944,https://www.imdb.com/title/tt21240944/,The Ballad of Straw Hat Sam,The Ballad of Straw Hat Sam,movie,"When two unlikely friends embark on a journey to find the world's best bourbon, they encounter strangers, freaks, and a plethora of zany horrors that will leave them forever changed.",https://m.media-amazon.com/images/M/MV5BMGE0ZDdjYTEtOTQwMi00ODYzLTk1ZTgtNTc4MjNiZWY4NjY0XkEyXkFqcGc@._V1_.jpg,,,False,2024-11-15,2024,,45.0,"['Adventure', 'Animation', 'Comedy']","['Buddy Comedy', 'Hand-Drawn Animation', 'Sketch Comedy', 'Adventure', 'Animation', 'Comedy']",['US'],,['en'],,"[{'id': 'co1054897', 'name': 'Package Productions'}, {'id': 'co1054898', 'name': 'Urinal Cake Productions'}]",,,9.1,10,
tt7959138,https://www.imdb.com/title/tt7959138/,10 Lives,10 Lives,movie,"A pampered cat takes for granted the lucky hand he has been dealt after he is rescued and loved by Rose, a kind-hearted and passionate student. When he loses his ninth life, fate steps in to set him on a transformative journey.",https://m.media-amazon.com/images/M/MV5BMDY3YTBlZDUtZTViNC00Njk5LTllOWEtNmIwZDMxNDU0MDNiXkEyXkFqcGc@._V1_.jpg,https://www.youtube.com/watch?v=RYiN-h_Kbhs,TV-G,False,2024-10-11,2024,,88.0,"['Animation', 'Comedy', 'Family']","['Animal Adventure', 'Isekai', 'Animation', 'Comedy', 'Family', 'Fantasy']","['GB', 'CA', 'FR', 'CN', 'US']",,['en'],,"[{'id': 'co0713538', 'name': 'GFM Animation'}, {'id': 'co0754311', 'name': 'Align'}, {'id': 'co0259111', 'name': 'Caramel Films'}]",,17055242.0,5.9,1970,
tt13622970,https://www.imdb.com/title/tt13622970/,Moana 2,Moana 2,movie,"After receiving an unexpected call from her wayfinding ancestors, Moana must journey to the far seas of Oceania and into dangerous, long-lost waters for an adventure unlike anything she's ever faced.",https://m.media-amazon.com/images/M/MV5BZDUxNThhYTUtYjgxNy00MGQ4LTgzOTEtZjg1YTU5NTcwNThlXkEyXkFqcGc@._V1_.jpg,https://www.youtube.com/watch?v=hDZ7y8RP5HE,PG,False,2024-11-27,2024,,100.0,"['Adventure', 'Animation', 'Comedy']","['Computer Animation', 'Sea Adventure', 'Adventure', 'Animation', 'Comedy', 'Family', 'Fantasy', 'Musical']","['US', 'CA']",['https://movies.disney.com/moana-2?'],"['en', 'sm']","['Walt Disney Animation Studios, Vancouver BC']","[{'id': 'co0060743', 'name': 'Walt Disney Animation Canada'}, {'id': 'co0074039', 'name': 'Walt Disney Animation Studios'}, {'id': 'co0008970', 'name': 'Walt Disney Pictures'}]",150000000.0,1059242164.0,6.6,105136,58.0
tt30150907,https://www.imdb.com/title/tt30150907/,Justice League: Crisis on Infinite Earths - Part Two,Justice League: Crisis on Infinite Earths - Part Two,movie,The Anti-Monitor (the Monitor's evil counterpart) is released into the DC Multiverse and begins to destroy the different Earths that compose it. The Monitor attempts to recruit heroes from across the Multiverse to fight back.,https://m.media-amazon.com/images/M/MV5BNWIzNDFkMDAtMTcyZi00Yjc0LWI0MDAtZGM3NmU0YzkyMGU2XkEyXkFqcGc@._V1_.jpg,https://www.youtube.com/watch?v=w6jtfmXziNQ,PG-13,False,2024-04-23,2024,,94.0,"['Action', 'Adventure', 'Animation']","['Superhero', 'Action', 'Adventure', 'Animation', 'Fantasy', 'Sci-Fi']",['US'],,['en'],,"[{'id': 'co0123927', 'name': 'DC Entertainment'}, {'id': 'co0072876', 'name': 'Warner Bros. Animation'}]",,,5.5,5435,
tt32639595,https://www.imdb.com/title/tt32639595/,Hello My Beautiful Creatures,Hello My Beautiful Creatures,movie,"This whimsical stop-motion musical tells the tale of a utopian city of toys and their relationship to each other as well as their ""God,"" an awkward and distant human man with an average job.",https://m.media-amazon.com/images/M/MV5BNWI2MzI2MzQtYzE4MC00ZTllLThmYzUtZjQyYTI1Y2M5NjU0XkEyXkFqcGc@._V1_.jpg,,,False,2024-06-17,2024,,142.0,"['Animation', 'Comedy', 'Drama']","['Animation', 'Comedy', 'Drama']",['US'],['https://youtu.be/hXulDH2jwvU?si=E_SH7y1-A8W4fh8B'],['en'],,[],,,6.8,173,
tt29452194,https://www.imdb.com/title/tt29452194/,Ugly Sweater,Ugly Sweater,movie,"Determined to study astrophysics at an Ivy League college, high-school senior Ruby faces her anxiety as it appears vividly in her dreams, prompted by a seemingly magical ugly Christmas sweater.",https://m.media-amazon.com/images/M/MV5BM2MwMWI5Y2ItYzc3ZC00OWVjLTk5ZTItOTQ5MGI5MGI0N2RmXkEyXkFqcGc@._V1_.jpg,,,False,2024-04-26,2024,,80.0,"['Animation', 'Drama']","['Animation', 'Drama']",['US'],['https://www.purplemagnetproductions.com/uglysweater'],['en'],,"[{'id': 'co0198113', 'name': 'Endless Films'}, {'id': 'co0976686', 'name': 'Purple Magnet Productions'}, {'id': 'co0842251', 'name': 'Tegmental'}]",,,7.0,13,
tt17044106,https://www.imdb.com/title/tt17044106/,Teacher's Pet,Teacher's Pet,movie,"When a dog wants to be a boy after watching Pinocchio, he meets a mad scientist who steals his mind. Now his owner, a lizard, and a parrot have to go into the timelines to give him pizza and save him.",https://m.media-amazon.com/images/M/MV5BNTgxYTVjYjItOTMzNy00NmYwLTgzODEtMGJkMDRjNTJkOTY0XkEyXkFqcGc@._V1_.jpg,,,False,2024-01-25,2024,,,['Animation'],['Animation'],"['AU', 'US']",,['en'],,"[{'id': 'co0878291', 'name': 'Studio Magnetica'}]",250000.0,,5.0,36,
tt28066777,https://www.imdb.com/title/tt28066777/,Orion and the Dark,Orion and the Dark,movie,"A boy with an active imagination faces his fears on an unforgettable journey through the night with his new friend: a giant, smiling creature named Dark.",https://m.media-amazon.com/images/M/MV5BMzgwNGU0NzEtZjMyMy00Mjc5LWFiMmYtMzIxNmY1OTIwYmU3XkEyXkFqcGc@._V1_.jpg,https://www.youtube.com/watch?v=cScAQ2O26Y4,TV-Y7,False,2024-02-02,2024,,93.0,"['Adventure', 'Animation', 'Comedy']","['Computer Animation', 'Quirky Comedy', 'Adventure', 'Animation', 'Comedy', 'Family', 'Fantasy', 'Mystery']","['FR', 'US']",['https://www.netflix.com/title/81476885/'],['en'],"['Paris, France']","[{'id': 'co0129164', 'name': 'DreamWorks Animation'}, {'id': 'co0806775', 'name': 'Mikros Animation'}]",,,6.3,17342,72.0
tt32655777,https://www.imdb.com/title/tt32655777/,Shrek 5: The Contract - A Fan Made Film,Shrek 5: The Contract - A Fan Made Film,movie,"In this film, when all 4 of Shrek's old nemesis come back from the dead and kill Fiona, he must find a way to bring Fiona back from the dead via magical contract, all with the help of Donkey, Puss, and some new faces.",https://m.media-amazon.com/images/M/MV5BZThlNDAzZTAtZTZjZi00NmQ5LTk0MzYtNjk0Y2YxNTg3MmYzXkEyXkFqcGc@._V1_.jpg,,,False,2024-06-19,2024,,84.0,"['Adventure', 'Animation', 'Comedy']","['Adventure', 'Animation', 'Comedy', 'Fantasy', 'Romance']",['US'],['https://www.youtube.com/watch?v=7wn1hZt9mB0'],['en'],,[],245.0,,6.7,19,
tt31064841,https://www.imdb.com/title/tt31064841/,Piece by Piece,Piece by Piece,movie,"A vibrant journey through the life of Pharrell Williams, told through the lens of LEGO animation.",https://m.media-amazon.com/images/M/MV5BMjUxMjE2YWQtY2YwMS00MTdkLTg0ZWQtMTQ0NzExY2U4NGZkXkEyXkFqcGc@._V1_.jpg,https://www.youtube.com/watch?v=7Bc6trBc1kc,PG,False,2024-10-11,2024,,93.0,"['Animation', 'Biography', 'Comedy']","['Computer Animation', 'Jukebox Musical', 'Pop Musical', 'Animation', 'Biography', 'Comedy', 'Family', 'Musical']","['US', 'DK']",['https://www.focusfeatures.com/piece-by-piece'],['en'],,"[{'id': 'co0042399', 'name': 'Focus Features'}, {'id': 'co0094261', 'name': 'Tremolo Productions'}, {'id': 'co0104950', 'name': 'The LEGO Group'}]",16000000.0,10717082.0,6.9,5627,63.0
tt7215232,https://www.imdb.com/title/tt7215232/,Spellbound,Spellbound,movie,"Ellian is a tenacious princess who must go on a daring quest to save her family and kingdom after a mysterious spell transforms her parents, the King and Queen of Lumbria, into monsters.",https://m.media-amazon.com/images/M/MV5BYTU4NWFlMjEtZGFhMi00NzkxLWJkODQtOWExNDQ2NGVjM2RjXkEyXkFqcGc@._V1_.jpg,https://www.youtube.com/watch?v=HHGIRpaFgCs,PG,False,2024-11-22,2024,,109.0,"['Adventure', 'Animation', 'Comedy']","['Computer Animation', 'Pop Musical', 'Adventure', 'Animation', 'Comedy', 'Family', 'Fantasy', 'Musical']","['ES', 'US']",['https://www.netflix.com/title/81745658/'],['en'],"['Madrid, Spain']","[{'id': 'co0202069', 'name': 'Ilion Animation Studios'}, {'id': 'co0743375', 'name': 'Netflix Animation'}, {'id': 'co0696274', 'name': 'Skydance Animation'}]",,,5.5,7612,54.0
tt1609486,https://www.imdb.com/title/tt1609486/,Harold and the Purple Crayon,Harold and the Purple Crayon,movie,"Inside of his book, adventurous Harold can make anything come to life simply by drawing it. After he grows up and draws himself off the book's pages and into the physical world, Harold finds he has a lot to learn about real life.",https://m.media-amazon.com/images/M/MV5BMzM0MmUyNDgtZmYwNi00ZGI2LWJhNjYtMDQzMzhjOTcyNjdhXkEyXkFqcGc@._V1_.jpg,https://www.youtube.com/watch?v=WojIv-PVYm8,PG,False,2024-08-02,2024,,90.0,"['Adventure', 'Animation', 'Comedy']","['High-Concept Comedy', 'Adventure', 'Animation', 'Comedy', 'Family', 'Fantasy']",['US'],['https://www.haroldandthepurplecrayon.movie/'],['en'],"['Atlanta, Georgia, USA']","[{'id': 'co0050868', 'name': 'Columbia Pictures'}, {'id': 'co0022730', 'name': 'Davis Entertainment'}, {'id': 'co0420822', 'name': 'TSG Entertainment'}]",40000000.0,32227855.0,5.7,8545,34.0
tt35534649,https://www.imdb.com/title/tt35534649/,Cornucopia,Cornucopia,movie,"A groundbreaking concert experience blending Björk's ""Utopia"" album with cutting-edge VR and digital theater. The show merges live music and innovative tech, culminating in an environmental message from activist Greta Thunberg.",https://m.media-amazon.com/images/M/MV5BM2ExY2UxY2QtNTJiMy00MTM0LWIwNDAtNTYyYzM1ZTU2OTE2XkEyXkFqcGc@._V1_.jpg,https://www.youtube.com/watch?v=WvSoLELzCDk,TV-MA,False,2025-01-24,2025,,98.0,"['Animation', 'Documentary', 'Music']","['Animation', 'Documentary', 'Music']","['IS', 'US']","['https://tv.apple.com/us/movie/apple-music-live-bjork/umc.cmc.5ryf2pmye4efg53kwszlrj5x2', 'https://www.levelforward.co/projects/cornucopia']",,"['Lisbon, Portugal']","[{'id': 'co0730305', 'name': 'Level Forward'}, {'id': 'co1111962', 'name': 'S101 Films'}, {'id': 'co0911250', 'name': 'Snowstorm Productions'}]",,,7.8,211,
tt32126873,https://www.imdb.com/title/tt32126873/,Nature Cat's Nature Movie Special Extraordinaire,Nature Cat's Nature Movie Special Extraordinaire,movie,"Nature Cat and his pals realize they've come to the end of their Nature Curiosity List. Meanwhile, Sir. Galahad gives himself the title of King and moves into a barren castle and steals pieces of nature to make his castle look more beautiful.",https://m.media-amazon.com/images/M/MV5BOGZhOWE2N2YtN2JiNS00YWFkLWI1MWEtOWFmYjc4OGU3NTlmXkEyXkFqcGc@._V1_.jpg,,,False,2024-04-22,2024,,53.0,"['Adventure', 'Animation', 'Comedy']","['Adventure', 'Animation', 'Comedy', 'Family', 'Fantasy', 'Musical', 'Mystery']",['US'],['https://nature-cat.fandom.com/wiki/Nature_Cat%27s_Nature_Movie_Special_Extraordinaire'],,,"[{'id': 'co0171371', 'name': 'PBS Kids'}, {'id': 'co0158277', 'name': 'Spiffy Pictures'}, {'id': 'co0190498', 'name': 'Yowza Animation'}]",,,7.3,19,
tt5779228,https://www.imdb.com/title/tt5779228/,The Garfield Movie,The Garfield Movie,movie,"After Garfield's unexpected reunion with his long-lost father, ragged alley cat Vic, he and his canine friend Odie are forced from their perfectly pampered lives to join Vic on a risky heist.",https://m.media-amazon.com/images/M/MV5BYjY2NDZhN2EtZmYwNS00NDU2LThiODAtNmY4OWY2ODNmZWRmXkEyXkFqcGc@._V1_.jpg,https://www.youtube.com/watch?v=IeFWNtMo1Fs,PG,False,2024-05-24,2024,,101.0,"['Adventure', 'Animation', 'Comedy']","['Animal Adventure', 'Computer Animation', 'Adventure', 'Animation', 'Comedy', 'Family', 'Fantasy']","['US', 'GB', 'HK']",['https://www.garfield.movie/'],['en'],,"[{'id': 'co0050868', 'name': 'Columbia Pictures'}, {'id': 'co0054452', 'name': 'Alcon Entertainment'}, {'id': 'co0105115', 'name': 'Double Negative (DNEG)'}]",60000000.0,257211519.0,5.7,24362,31.0
tt12707364,https://www.imdb.com/title/tt12707364/,My Redneck Neighbor: Chapter 2 - Let the Games Begin,My Redneck Neighbor: Chapter 2 - Let the Games Begin,movie,"Crazy Asians and Redneck clans escalate their Pranks to a point of no return when Cat tries to boil Reddick's Pet Gerbil, in retaliation, the Reddicks roast Cat's chicken for lunch, lead to an all out War,Winner takes all Redneck Games",https://m.media-amazon.com/images/M/MV5BZDcwYzFjYzQtYzQyYi00MWE0LWE0MWItMjE5NTI0NjgwMWVhXkEyXkFqcGc@._V1_.jpg,,,False,,2024,,55.0,"['Action', 'Adventure', 'Animation']","['Anime', 'Zombie Horror', 'Action', 'Adventure', 'Animation', 'Comedy', 'Family', 'Fantasy', 'Horror']",['US'],['https://www.amazon.com/gp/video/detail/B0CVN9L4D2/ref=atv_dp_share_cu_r'],,,"[{'id': 'co0413042', 'name': 'Rice Girl Productions'}]",1500000.0,,5.8,8,
tt28244549,https://www.imdb.com/title/tt28244549/,Grand Theft Hamlet,Grand Theft Hamlet,movie,"Two struggling actors find solace from lockdown isolation by staging Hamlet in Grand Theft Auto Online (2013), battling griefers as they connect through William Shakespeare.",https://m.media-amazon.com/images/M/MV5BYTFmY2E0YzQtZTlmMC00NmNjLTg1MjUtY2NmNmZlNDgyMzM5XkEyXkFqcGc@._V1_.jpg,https://www.youtube.com/watch?v=OloHiBOMPm8,R,False,2025-01-17,2024,,89.0,"['Animation', 'Documentary']","['Adult Animation', 'Animation', 'Documentary']","['GB', 'US']",['http://www.grandthefthamlet.com/'],['en'],,"[{'id': 'co0309085', 'name': 'Altitude Film Entertainment'}, {'id': 'co0838960', 'name': 'BFI Doc Society Fund'}, {'id': 'co0588198', 'name': 'Project 1961'}]",200000.0,218040.0,6.9,2032,82.0
tt11152168,https://www.imdb.com/title/tt11152168/,IF,If,movie,A young girl who goes through a difficult experience begins to see everyone's imaginary friends who have been left behind as their real-life friends have grown up.,https://m.media-amazon.com/images/M/MV5BYjFiY2U2NjUtMWIxMy00NjJkLWI3OTItYzM3MzBlZDkyMDNkXkEyXkFqcGc@._V1_.jpg,https://www.youtube.com/watch?v=el0N_MDcp0Y,PG,False,2024-05-17,2024,,104.0,"['Animation', 'Comedy', 'Drama']","['Computer Animation', 'High-Concept Comedy', 'Animation', 'Comedy', 'Drama', 'Family', 'Fantasy']","['US', 'CA']",['https://www.if.movie/'],['en'],"['Coney Island, Brooklyn, New York City, New York, USA']","[{'id': 'co0023400', 'name': 'Paramount Pictures'}, {'id': 'co0683138', 'name': 'Maximum Effort'}, {'id': 'co0191414', 'name': 'Québec Production Services Tax Credit'}]",110000000.0,190535708.0,6.4,58714,46.0
tt33550838,https://www.imdb.com/title/tt33550838/,Barbie and Teresa: Recipe for Friendship,Barbie and Teresa: Recipe for Friendship,movie,"Barbie ""Brooklyn"" Roberts, Barbie ""Malibu"" Roberts, and their best friends Teresa and Nikki head to the big apple to help with the launch of Teresa's cousin's new restaurant.",https://m.media-amazon.com/images/M/MV5BYzA0MDBiODItYjliMy00MjRiLTlmNjgtMzk0NzVmNmM5NjhjXkEyXkFqcGc@._V1_.jpg,https://www.youtube.com/watch?v=XamyQTHWN2E,,False,2025-03-06,2025,,60.0,['Animation'],['Animation'],['US'],['https://shop.mattel.com/pages/barbie'],['en'],,"[{'id': 'co0729292', 'name': 'Mattel Films'}]",,,6.2,84,
tt28515286,https://www.imdb.com/title/tt28515286/,Bonk.io,Bonk.io,movie,PowerBonk teams up and embarks on an adventure to train across the worlds of Bonk for an upcoming tournament in order to defeat The White Star.,https://m.media-amazon.com/images/M/MV5BNmEwZjhjOGYtMTY0My00M2NkLTk5MDktMTM2NDAyYjdmMjdjXkEyXkFqcGc@._V1_.jpg,,,False,2025-04-06,2025,,120.0,"['Action', 'Adventure', 'Animation']","['Action', 'Adventure', 'Animation']",['US'],,['en'],,[],700.0,,8.7,13,
tt30835324,https://www.imdb.com/title/tt30835324/,Astra,Astra,movie,"An astrobiologist's lost belongings contain clues for a space voyage. The ""Astra"" mixed reality experience transports users from Earth. They search planets and moons for the building blocks of life in the Universe.",https://m.media-amazon.com/images/M/MV5BNTRlMjkyMjMtMDdmZi00NzUwLWFmODEtOGUxNjYxYTQ3OWFmXkEyXkFqcGc@._V1_.jpg,,,False,2024-03-10,2024,,80.0,"['Animation', 'Sci-Fi']","['Animation', 'Sci-Fi']","['FR', 'US']",,"['fr', 'en']",,[],,,6.3,8,
tt35243104,https://www.imdb.com/title/tt35243104/,Ninja Doomscrolling,Ninja Doomscrolling,movie,,https://m.media-amazon.com/images/M/MV5BNzg3ZTE3YmYtOTQ5MS00NTg0LTlkNzYtZGU0YjU0OTA0NWJlXkEyXkFqcGc@._V1_.jpg,,,False,2024-11-12,2024,,96.0,['Animation'],['Animation'],['US'],,,,[],5000.0,,8.1,102,
tt35804494,https://www.imdb.com/title/tt35804494/,Strange Portal!,Strange Portal!,movie,"It will be followed by a 12 year old kid named Jude in the gym, he finds out that the mats have a Strange Portal that leads him to the blob city. A blob named Slime is a friendly one, for sure.",https://m.media-amazon.com/images/M/MV5BNWY0NDA2ZDAtODQ0Mi00OTM2LWFlYmItNTBmYmQyOWRjYjFlXkEyXkFqcGc@._V1_.jpg,,,False,2025-04-11,2025,,,"['Adventure', 'Animation', 'Sport']","['Adventure', 'Animation', 'Sport']",['US'],['https://www.youtube.com/watch?v=KY47mndzFqg'],['en'],,"[{'id': 'co1112833', 'name': 'Pizza Chunk'}]",,,8.2,13,
tt35814975,https://www.imdb.com/title/tt35814975/,Rocky and Bullwinkle,Rocky and Bullwinkle,movie,"After the grand opening of the Museum in Frostbite Falls, Bullwinkle and Rocky somehow ended up in the village that they have never been before.",https://m.media-amazon.com/images/M/MV5BZWVhZDczZGUtNGEyNS00Y2IxLTlmNTAtZmQ5Yzg3YzhiNGUxXkEyXkFqcGc@._V1_.jpg,,,False,2024-04-26,2024,,100.0,"['Action', 'Adventure', 'Animation']","['Action', 'Adventure', 'Animation', 'Comedy']",['US'],['https://www.youtube.com/watch?v=oE7utBYz4SE'],['en'],,"[{'id': 'co1110562', 'name': ""A Pizza Chunk's Movie Production""}]",,,8.9,14,
tt32990719,https://www.imdb.com/title/tt32990719/,Mobile Suit Gundam: Silver Phantom,Kido senshi Gandamu: Ginhai no Gen'ei,movie,"U.C. 0096. Argent Keil, an unofficial mercenary organization affiliated with neither the Federation nor Zeon, has been commissioned to assassinate Azami Megine, a high-ranking Federation official. The request comes from the Federation Forces, who cannot allow the reality of Azami's collusion with Zeon to be made public, but just before they were to set out, their fleet was attacked by none other than a Federation Forces' Jegan unit. In the midst of this extremely chaotic situation, a silver Gundam secretly owned by Argent Keil is launched into space.",https://m.media-amazon.com/images/M/MV5BNTM4ODc5ZjEtYThmYS00ZjIxLWJhMTQtOTMyMTIyYWEyMTJhXkEyXkFqcGc@._V1_.jpg,,,False,,2024,,90.0,"['Action', 'Adventure', 'Animation']","['Anime', 'Action', 'Adventure', 'Animation', 'Drama', 'Sci-Fi']","['JP', 'FR', 'US']",,"['ja', 'en']",,"[{'id': 'co0676916', 'name': 'Atlas V'}, {'id': 'co0917578', 'name': 'Bandai Namco Filmworks'}, {'id': 'co0006858', 'name': 'Sunrise'}]",,,6.6,13,
tt29623480,https://www.imdb.com/title/tt29623480/,The Wild Robot,The Wild Robot,movie,"After a shipwreck, an intelligent robot called Roz is stranded on an uninhabited island. To survive the harsh environment, Roz bonds with the island's animals and cares for an orphaned baby goose.",https://m.media-amazon.com/images/M/MV5BZWNiZjVlZTUtNGUwYi00MjJmLTg2MDctNWEzYTJiMzY1ODc4XkEyXkFqcGc@._V1_.jpg,https://www.youtube.com/watch?v=67vbA5ZJdKQ,PG,False,2024-09-27,2024,,102.0,"['Animation', 'Sci-Fi']","['Artificial Intelligence', 'Computer Animation', 'Survival', 'Animation', 'Sci-Fi']","['US', 'JP']","['https://www.facebook.com/dreamworksthewildrobot/', 'https://www.instagram.com/thewildrobot/']","['en', 'de', 'fr', 'es', 'sw', 'ja']",,"[{'id': 'co0169264', 'name': 'Dentsu'}, {'id': 'co0129164', 'name': 'DreamWorks Animation'}]",78000000.0,333165945.0,8.2,168624,85.0
tt21861036,https://www.imdb.com/title/tt21861036/,Isla Monstro,Isla Monstro,movie,"When loser Duke, who has screwed up every hair-brained scheme he's ever come up with, accidentally falls off a cruise ship and wakes up on a mysterious top secret government island, he discovers that it's overrun with mutants and monsters from a failed 1980s DARPA ""super soldier"" project to stop the 2nd Cold War. He soon comes up with the incredible idea of turning the island into a world class getaway resort, utilizing the creatures as it's staff, much to the dismay of the United States government.",https://m.media-amazon.com/images/M/MV5BNWM4NDg3MGItNmQxOC00NmYyLWFjODktNjc3N2M3MjAzZWE2XkEyXkFqcGc@._V1_.jpg,,,False,2024-10-06,2024,,,"['Animation', 'Comedy', 'Sci-Fi']","['Animation', 'Comedy', 'Sci-Fi']",['US'],['https://www.abyssmal.com/islamonstro'],['en'],,"[{'id': 'co0123938', 'name': 'Abyssmal Entertainment'}]",,,7.3,9,
tt14824600,https://www.imdb.com/title/tt14824600/,The Lord of the Rings: The War of the Rohirrim,The Lord of the Rings: The War of the Rohirrim,movie,"A sudden attack by Wulf, a clever and traitorous lord of Rohan seeking vengeance for the death of his father, forces Helm Hammerhand, the King of Rohan, and his people to make a daring last stand in the ancient stronghold of the Hornburg.",https://m.media-amazon.com/images/M/MV5BOTg4OTgyMDYtMDA0NC00ZjJhLWJiOGMtMjlkM2ZjNTgxNGI0XkEyXkFqcGc@._V1_.jpg,https://www.youtube.com/watch?v=gCUg6Td5fgQ,PG-13,False,2024-12-13,2024,,134.0,"['Action', 'Adventure', 'Animation']","['Adventure Epic', 'Anime', 'Dark Fantasy', 'Fantasy Epic', 'Sword & Sorcery', 'Action', 'Adventure', 'Animation', 'Drama', 'Fantasy']","['US', 'NZ', 'JP']",['https://www.lotrthewaroftherohirrim.com/'],['en'],"['Musashino, Tokyo, Japan']","[{'id': 'co0046718', 'name': 'New Line Cinema'}, {'id': 'co0072876', 'name': 'Warner Bros. Animation'}, {'id': 'co0046203', 'name': 'WingNut Films'}]",30000000.0,20658572.0,6.3,31504,54.0
tt29195117,https://www.imdb.com/title/tt29195117/,Justice League: Crisis on Infinite Earths - Part One,Justice League: Crisis on Infinite Earths - Part One,movie,"The Anti-Monitor, the Monitor's evil counterpart, is released into the DC Multiverse and begins to destroy the different Earths that compose it. The Monitor attempts to recruit heroes from across the Multiverse to fight back.",https://m.media-amazon.com/images/M/MV5BNWQ1YWQwNWItNTI0NC00Mjk4LWJmOWItNDJmYjIzNzA3OWQ0XkEyXkFqcGc@._V1_.jpg,https://www.youtube.com/watch?v=MFYZtqZWEwo,PG-13,False,2024-01-09,2024,,93.0,"['Action', 'Adventure', 'Animation']","['Superhero', 'Action', 'Adventure', 'Animation', 'Fantasy', 'Sci-Fi']",['US'],,['en'],,"[{'id': 'co0123927', 'name': 'DC Entertainment'}, {'id': 'co0072876', 'name': 'Warner Bros. Animation'}, {'id': 'co0002663', 'name': 'Warner Bros.'}]",,,6.2,8592,
tt26343532,https://www.imdb.com/title/tt26343532/,Fat Chance! the Movie,Fat Chance! the Movie,movie,"Follow a young Bernard Papadopoulos as he travels to a clinic in Tokyo to partake in one of the Underworld's best weight loss programs. While there, his newly found sweetheart, Shigeko, is kidnapped by a mysterious corporation.",https://m.media-amazon.com/images/M/MV5BYzcxMmM1YmMtNGM3Ni00NTBjLThlNjUtNzI1NjM1MDhjZDYwXkEyXkFqcGc@._V1_.jpg,,,False,2024-08-24,2024,,,"['Adventure', 'Animation']","['Adventure', 'Animation']",['US'],,['en'],,"[{'id': 'co0879073', 'name': 'Hooting Pictures'}]",,,7.3,6,
tt35983585,https://www.imdb.com/title/tt35983585/,Snow White and the 7 Dwarfs,Snow White and the 7 Dwarfs,movie,"When the Queen's jealousy turns deadly, Snow White must join forces with gnomes to fight back against her stepmother's wrath.",https://m.media-amazon.com/images/M/MV5BNTQ3NmM3YWMtZTdlMS00ZmE0LTkwYWEtMWIzOTQ1YmM5NTRhXkEyXkFqcGc@._V1_.jpg,https://www.youtube.com/watch?v=UJuNWcnKFGY,TV-PG,False,2025-03-07,2025,,91.0,"['Adventure', 'Animation', 'Fantasy']","['Adventure', 'Animation', 'Fantasy']",['US'],,,,"[{'id': 'co0042909', 'name': 'The Asylum'}]",,,5.0,14,
tt5834410,https://www.imdb.com/title/tt5834410/,The Tiger's Apprentice,The Tiger's Apprentice,movie,"Tom Lee, a Chinese-American boy, after the death of his grandmother, has to be apprenticed to the talking tiger Mr. Hu and learn ancient magic to become the new guardian of an ancient phoenix.",https://m.media-amazon.com/images/M/MV5BNTljMWNkOTgtYjFlMC00NzcxLWFhMTktMDhmZWIxMjBhNWJmXkEyXkFqcGc@._V1_.jpg,https://www.youtube.com/watch?v=GGJnmXpT3Og,PG,False,2024-02-02,2024,,84.0,"['Action', 'Adventure', 'Animation']","['Action', 'Adventure', 'Animation', 'Comedy', 'Drama', 'Family', 'Fantasy', 'Mystery']",['US'],,['en'],,"[{'id': 'co0820547', 'name': 'Paramount+'}, {'id': 'co0390995', 'name': 'Paramount Animation'}, {'id': 'co0048322', 'name': 'Jane Startz Productions'}]",,789002.0,5.7,2214,55.0
tt13281376,https://www.imdb.com/title/tt13281376/,Apocalypse Love,Apocalypse Love,movie,It's a zombie/alien apocalypse. But that triviality wont stop Tom from getting the love of his life back from the grave with a little help of necromancy.,https://m.media-amazon.com/images/M/MV5BNjAzZmQ5NDktNWE1Ny00MDU3LWJlY2MtYjdjZDVhOWVlODBjXkEyXkFqcGc@._V1_.jpg,,,False,,2024,,,"['Animation', 'Comedy', 'Horror']","['Animation', 'Comedy', 'Horror', 'Sci-Fi']",['US'],['http://www.apocalypselovemovie.com/'],['en'],,"[{'id': 'co0842034', 'name': 'Live Action Figure Films'}]",,,6.4,5,
tt5822536,https://www.imdb.com/title/tt5822536/,Paddington in Peru,Paddington in Peru,movie,"Paddington returns to Peru to visit his beloved Aunt Lucy, who now resides at the Home for Retired Bears. With the Brown family in tow, a thrilling adventure ensues when a mystery plunges them into an unexpected journey.",https://m.media-amazon.com/images/M/MV5BNzMyNWZlYmYtZDgxMC00ZTU3LWFiYzctNGE0ZDc0OTlhZTRlXkEyXkFqcGc@._V1_.jpg,https://www.youtube.com/watch?v=lKgitu25ZAg,PG,False,2025-02-14,2024,,106.0,"['Adventure', 'Animation', 'Comedy']","['Animal Adventure', 'Jungle Adventure', 'Adventure', 'Animation', 'Comedy', 'Family', 'Mystery']","['GB', 'FR', 'JP', 'US']",,"['en', 'es', 'fr']",['Colombia'],"[{'id': 'co0047476', 'name': 'StudioCanal'}, {'id': 'co0050868', 'name': 'Columbia Pictures'}, {'id': 'co0502451', 'name': 'Kinoshita Group'}]",90000000.0,168630103.0,6.7,23060,65.0
tt32145808,https://www.imdb.com/title/tt32145808/,Sabbath Queen,Sabbath Queen,movie,"A 39th generation ex-Orthodox rabbi embarks on a remarkable 21-year personal journey, also embracing life as a drag queen.",https://m.media-amazon.com/images/M/MV5BM2I5OTAxOTgtY2E2Zi00YTJmLWFlMDMtMzcxNWIzY2I3YmQxXkEyXkFqcGc@._V1_.jpg,,,False,2024-06-09,2024,,105.0,"['Animation', 'Biography', 'Documentary']","['Animation', 'Biography', 'Documentary']",['US'],,"['en', 'he', 'yi']",,[],,64256.0,8.0,67,81.0
tt13176330,https://www.imdb.com/title/tt13176330/,Hitpig,Hitpig!,movie,A bounty hunter pig finds himself trekking the globe with a free-spirited elephant he intended to capture.,https://m.media-amazon.com/images/M/MV5BYjdlYTJjNWEtYjdkOS00ODUzLWEwMGItYjY3OWNkNWM2ZDc1XkEyXkFqcGc@._V1_.jpg,https://www.youtube.com/watch?v=I_MrnmtXCMc,PG,False,2024-11-01,2024,,86.0,"['Action', 'Adventure', 'Animation']","['Animal Adventure', 'Computer Animation', 'Action', 'Adventure', 'Animation', 'Comedy', 'Crime', 'Family']","['GB', 'CA', 'US']",,['en'],"['Montréal, Québec, Canada']","[{'id': 'co0497415', 'name': 'Aniventure'}, {'id': 'co0055855', 'name': 'Cinesite'}, {'id': 'co0359412', 'name': 'Rosebud Enterprises'}]",,4979702.0,5.1,1001,
tt15127142,https://www.imdb.com/title/tt15127142/,Nothing Unusual,Nothing Unusual,movie,"In Japan, Rokurokubi are known to be like Vampires. They're known to be dangerous Yokai for committing horrible deeds. Except for one. Asumi Mayako -- Born a Rokurokubi, now lives a normal life with Karita Dere. Twelve years have passed since Asumi was found in the trash can, and things have been a little complex since Karita and her family decided to adopt Asumi. Asumi still feels worried about what would happen If people found out she's a rokurokubi. However, things get complicated when Asumi's mother, Khayme Mayako is slowly crawling back into her life. Not just that - Asumi's worries and nightmares become a reality as a reunion between Yokai and humans has begun. Experience an animated trip starring a Rokurokubi with a heart of gold.",https://m.media-amazon.com/images/M/MV5BNDQ1YjNiY2UtMGJiZC00YjIzLWJkOTItYmNjZTlhNWMyM2NkXkEyXkFqcGc@._V1_.jpg,https://www.youtube.com/watch?v=4gsLxW6u9DQ,,False,2024-10-18,2024,,92.0,"['Action', 'Adventure', 'Animation']","['Action', 'Adventure', 'Animation', 'Comedy']",['US'],['https://www.youtube.com/c/TweenAnimations/about'],['en'],,"[{'id': 'co0872215', 'name': 'TweenAnimations'}]",,,7.9,13,
tt5986440,https://www.imdb.com/title/tt5986440/,The Glassworker,The Glassworker,movie,"The life of a young glassblower in training and his relationships over the years, as his land goes through war and strife.",https://m.media-amazon.com/images/M/MV5BMDkxZWNlOWMtMDhhYi00YWI3LTlkNjEtYWM0YzBlNzUwNTllXkEyXkFqcGc@._V1_.jpg,https://www.youtube.com/watch?v=mTuPHCyV6mw,,False,2024-07-26,2024,,98.0,"['Animation', 'Romance']","['Hand-Drawn Animation', 'Animation', 'Romance']","['PK', 'US']","['http://www.facebook.com/manoanimationstudios/', 'http://www.instagram.com/manoanimationstudios/']","['en', 'ur']",,"[{'id': 'co0603312', 'name': 'Mano Animation Studios'}]",,13839.0,7.3,1800,
tt33029851,https://www.imdb.com/title/tt33029851/,Isle: Alpha One,Isle: Alpha One,movie,"Maxwell ""Spotter"" Lin is given the opportunity alongside his colleagues to be deployed on an island, once B-Corp property, however, what he expects isn't in his cards. Will he and his team survive this hellhole of an island?",https://m.media-amazon.com/images/M/MV5BZGRkYzYzM2EtN2QxMi00YWQ3LWJhNDYtYzM2NTA1ZjJhMjMwXkEyXkFqcGc@._V1_.jpg,,,False,2024-07-22,2024,,97.0,"['Action', 'Adventure', 'Animation']","['Action', 'Adventure', 'Animation', 'Sci-Fi']",['US'],,['en'],,"[{'id': 'co1006883', 'name': 'Sharped Edge Entertainment'}]",,,8.0,7,
tt21692408,https://www.imdb.com/title/tt21692408/,Kung Fu Panda 4,Kung Fu Panda 4,movie,"After Po is tapped to become the Spiritual Leader of the Valley of Peace, he needs to find and train a new Dragon Warrior, while a wicked sorceress plans to re-summon all the master villains whom Po has vanquished to the spirit realm.",https://m.media-amazon.com/images/M/MV5BMzJlNGYxYzQtOTg4MC00OTMyLTkwYzMtZDRlNTgwY2YwOWYxXkEyXkFqcGc@._V1_.jpg,https://www.youtube.com/watch?v=_inKs4eeHiI,PG,False,2024-03-08,2024,,94.0,"['Action', 'Adventure', 'Animation']","['Animal Adventure', 'Computer Animation', 'Action', 'Adventure', 'Animation', 'Comedy', 'Family', 'Fantasy']","['US', 'CN', 'JP']","['https://www.dreamworks.com/movies/kung-fu-panda-4', 'https://www.facebook.com/dreamworks/']","['zh', 'en']",,"[{'id': 'co0049799', 'name': 'China Film Group Corporation (CFGC)'}, {'id': 'co0169264', 'name': 'Dentsu'}, {'id': 'co0129164', 'name': 'DreamWorks Animation'}]",85000000.0,547689492.0,6.3,68944,54.0
tt26315924,https://www.imdb.com/title/tt26315924/,Tobias and the Arcane Merchant,Tobias and the Arcane Merchant,movie,Tobias the Hybrid Tram Engine's sense of identity is thrown into question when a mysterious enemy returns to the railway with a hidden agenda and throws everyone's lives into chaos.,https://m.media-amazon.com/images/M/MV5BN2VmOGJjM2UtOTQxNC00NzJmLThmNjktNzA4ODQ4ZDczNWYzXkEyXkFqcGc@._V1_.jpg,,,False,2024-12-24,2024,,167.0,"['Animation', 'Drama', 'Sci-Fi']","['Animation', 'Drama', 'Sci-Fi', 'Thriller']",['US'],,['en'],,"[{'id': 'co0631687', 'name': 'Schaenkhe Entertainment'}, {'id': 'co0835905', 'name': 'Mojo Smoothie Productions'}]",,,8.9,44,
tt22752312,https://www.imdb.com/title/tt22752312/,Big City Greens the Movie: Spacecation,Big City Greens the Movie: Spacecation,movie,"After ruining his family's vacation before it can even begin, Cricket attempts to right his wrongs by volunteering his family for an experimental farming mission - in space.",https://m.media-amazon.com/images/M/MV5BZjhkOGFmYTAtZmQxOS00ZmFjLTkyZDAtMWMzYmUyNjUxNDc1XkEyXkFqcGc@._V1_.jpg,https://www.youtube.com/watch?v=zikAYUFJyPQ,TV-Y7,False,2024-06-07,2024,,83.0,"['Action', 'Adventure', 'Animation']","['Space Sci-Fi', 'Action', 'Adventure', 'Animation', 'Comedy', 'Family', 'Fantasy', 'Sci-Fi']","['US', 'KR', 'CA']",,['en'],,"[{'id': 'co0030830', 'name': 'Disney Television Animation'}]",,,6.1,557,
tt10954718,https://www.imdb.com/title/tt10954718/,Dog Man,Dog Man,movie,"Dog Man, half dog and half man, he is sworn to protect and serve as he doggedly pursues the feline supervillain Petey the Cat.",https://m.media-amazon.com/images/M/MV5BNDVlZGQyM2MtNjA2OS00MjdkLThiNDQtZTYzMTA1MGU3M2M0XkEyXkFqcGc@._V1_.jpg,https://www.youtube.com/watch?v=QaJbAennB_Q,PG,False,2025-01-31,2025,,89.0,"['Action', 'Adventure', 'Animation']","['Animal Adventure', 'Computer Animation', 'Superhero', 'Action', 'Adventure', 'Animation', 'Comedy', 'Crime', 'Family', 'Fantasy']",['US'],"['https://www.facebook.com/dreamworksdogman', 'https://www.instagram.com/dreamworksdogman']",['en'],,"[{'id': 'co0129164', 'name': 'DreamWorks Animation'}, {'id': 'co0671719', 'name': 'Treehouse Comix'}, {'id': 'co0005073', 'name': 'Universal Pictures'}]",40000000.0,144094355.0,6.3,9520,66.0
tt10442352,https://www.imdb.com/title/tt10442352/,Thelma the Unicorn,Thelma the Unicorn,movie,"A singing pony who dreams of stardom finds instant fame when she transforms into a sparkly unicorn, but becoming a celebrity is one wild ride.",https://m.media-amazon.com/images/M/MV5BMzY4Mjg2Y2MtZmQxMC00N2FjLTlmMzctYWMxNmRhYWY5Yjk3XkEyXkFqcGc@._V1_.jpg,https://www.youtube.com/watch?v=BOEMUudvYAw,PG,False,2024-05-17,2024,,93.0,"['Adventure', 'Animation', 'Comedy']","['Animal Adventure', 'Computer Animation', 'Pop Musical', 'Adventure', 'Animation', 'Comedy', 'Family', 'Fantasy', 'Musical']","['CA', 'US']",['https://www.netflix.com/title/81110501/'],['en'],,"[{'id': 'co0930568', 'name': 'Agora Studio'}, {'id': 'co0518896', 'name': 'Mikros Animation'}, {'id': 'co0743375', 'name': 'Netflix Animation'}]",,,5.7,2993,64.0
tt33333453,https://www.imdb.com/title/tt33333453/,Inanimate Insanity II: The Movie,Inanimate Insanity II: The Movie,movie,"MePhone's reality show competition finale with Suitcase and Knife contestants is jeopardized when his creator's past reemerges, endangering participants and threatening an unresolved ending.",https://m.media-amazon.com/images/M/MV5BYTgzMzI2ZGYtMDIxZC00NjJhLTlmMjAtMzQxYzM0YmY2ZWQ5XkEyXkFqcGc@._V1_.jpg,,Not Rated,False,,2024,,106.0,"['Action', 'Animation', 'Drama']","['Action', 'Animation', 'Drama', 'Family']",['US'],['https://www.inanimateinsanity.com/'],['en'],,"[{'id': 'co0401416', 'name': 'Adamation'}]",,,8.3,236,
tt31711040,https://www.imdb.com/title/tt31711040/,Look Back,Rukku bakku,movie,"The overly confident Fujino and the shut-in Kyomoto couldn't be more different, but a love of drawing manga brings these two small-town girls together.",https://m.media-amazon.com/images/M/MV5BOWU3YTkxMjYtYTdlMi00NDQ1LThiMjQtNzhmMTFlZmE2ZTU0XkEyXkFqcGc@._V1_.jpg,https://www.youtube.com/watch?v=H6HOnlTnVwc,13+,False,2024-11-07,2024,,58.0,"['Animation', 'Drama']","['Anime', 'Coming-of-Age', 'Hand-Drawn Animation', 'Shōnen', 'Animation', 'Drama']","['JP', 'US']",,['ja'],,"[{'id': 'co1025982', 'name': 'Amazon MGM Studios'}, {'id': 'co0470237', 'name': 'Avex Pictures'}, {'id': 'co0049595', 'name': 'Shueisha'}]",,12646317.0,7.8,15245,90.0
tt9471678,https://www.imdb.com/title/tt9471678/,Ultraman: Rising,Ultraman: Rising,movie,"Ken Sato is a superstar baseball player who returns to Japan to become the latest hero to carry the mantle of Ultraman. However, he is compelled to raise a newborn kaiju monster, the offspring of his greatest enemy, as his own child.",https://m.media-amazon.com/images/M/MV5BYzlhM2QwZDktNTdhOS00NGFjLTkxMzQtZmVmZDFlYzgxZjUxXkEyXkFqcGc@._V1_.jpg,https://www.youtube.com/watch?v=TwXgOMDONK8,PG,False,2024-06-14,2024,,117.0,"['Action', 'Adventure', 'Animation']","['Action Epic', 'Computer Animation', 'Kaiju', 'Superhero', 'Action', 'Adventure', 'Animation', 'Comedy', 'Family', 'Fantasy']","['JP', 'US']","['https://www.netflix.com/title/81007144/', 'https://en.wikipedia.org/wiki/Ultraman:_Rising']","['en', 'ja']","['Tokyo, Japan']","[{'id': 'co0743375', 'name': 'Netflix Animation'}, {'id': 'co0067564', 'name': 'Tsuburaya Productions'}, {'id': 'co0072491', 'name': 'Industrial Light & Magic (ILM)'}]",,,6.9,6454,66.0
tt32627540,https://www.imdb.com/title/tt32627540/,Watchmen: Chapter I,Watchmen: Chapter I,movie,"In 1985, the murder of a government sponsored superhero draws his outlawed colleagues out of retirement and into a mystery that threatens to upend their personal lives and the world itself.",https://m.media-amazon.com/images/M/MV5BMjc5NGFlMzMtZjkwZS00MzliLTg5NzktZDYzNGNhNjdjNzAzXkEyXkFqcGc@._V1_.jpg,https://www.youtube.com/watch?v=j-s-cxTnH2Q,R,False,2024-08-13,2024,,83.0,"['Action', 'Animation', 'Drama']","['Adult Animation', 'Superhero', 'Action', 'Animation', 'Drama', 'Mystery', 'Sci-Fi']",['US'],,['en'],,"[{'id': 'co0123927', 'name': 'DC Entertainment'}, {'id': 'co0023400', 'name': 'Paramount Pictures'}, {'id': 'co0072876', 'name': 'Warner Bros. Animation'}]",,,7.1,6760,71.0
